player,player_id,draft_year,pick,round,position_id,college,draft_team_id,location_type,location,city,state,state_name,countryCourtney Brown,BrowCo22,2000,1,1,DE,Penn St.,CLE,birth,"Charleston, SC",Charleston,SC,South Carolina,USALaVar Arrington,ArriLa00,2000,2,1,LB,Penn St.,WAS,birth,"Pittsburgh, PA",Pittsburgh,PA,Pennsylvania,USAChris Samuels,SamuCh00,2000,3,1,T,Alabama,WAS,birth,"Mobile, AL",Mobile,AL,Alabama,USAPeter Warrick,WarrPe00,2000,4,1,WR,Florida St.,CIN,birth,"Bradenton, FL",Bradenton,FL,Florida,USAJamal Lewis,LewiJa00,2000,5,1,RB,Tennessee,BAL,birth,"Atlanta, GA",Atlanta,GA,Georgia,USACorey Simon,SimoCo00,2000,6,1,DT,Florida St.,PHI,birth,"Pomano Beach, FL",Pomano Beach,FL,Florida,USAThomas Jones,JoneTh00,2000,7,1,RB,Virginia,ARI,birth,"Big Stone Gap, VA",Big Stone Gap,VA,Virginia,USAPlaxico Burress,BurrPl00,2000,8,1,WR,Michigan St.,PIT,birth,"Norfolk, VA",Norfolk,VA,Virginia,USABrian Urlacher,UrlaBr00,2000,9,1,LB,New Mexico,CHI,birth,"Pasco, WA",Pasco,WA,Washington,USATravis Taylor,TaylTr01,2000,10,1,WR,Florida,BAL,birth,"Fernandina Beach, FL",Fernandina Beach,FL,Florida,USARon Dayne,DaynRo00,2000,11,1,RB,Wisconsin,NYG,birth,"Berlin, NJ",Berlin,NJ,New Jersey,USAShaun Ellis,ElliSh00,2000,12,1,DE,Tennessee,NYJ,birth,"Anderson, SC",Anderson,SC,South Carolina,USAJohn Abraham,AbraJo00,2000,13,1,DE,South Carolina,NYJ,birth,"Timmonsville, SC",Timmonsville,SC,South Carolina,USABubba Franks,FranBu00,2000,14,1,TE,Miami (FL),GNB,birth,"Riverside, CA",Riverside,CA,California,USADeltha O'Neal,ONeaDe00,2000,15,1,DB,California,DEN,birth,"Palo Alto, CA",Palo Alto,CA,California,USAJulian Peterson,PeteJu00,2000,16,1,LB,Michigan St.,SFO,birth,"Temple Hills, MD",Temple Hills,MD,Maryland,USASebastian Janikowski,janikseb01,2000,17,1,K,Florida St.,OAK,birth,"Walbrzych, Poland",Walbrzych,,,PolandChad Pennington,PennCh01,2000,18,1,QB,Marshall,NYJ,birth,"Knoxville, TN",Knoxville,TN,Tennessee,USAShaun Alexander,AlexSh00,2000,19,1,RB,Alabama,SEA,birth,"Florence, KY",Florence,KY,Kentucky,USAStockar McDougle,McDoSt20,2000,20,1,T,Oklahoma,DET,birth,"Fort Lauderdale, FL",Fort Lauderdale,FL,Florida,USASylvester Morris,MorrSy00,2000,21,1,WR,Jackson St.,KAN,birth,"New Orleans, LA",New Orleans,LA,Louisiana,USAChris McIntosh,McInCh20,2000,22,1,T,Wisconsin,SEA,birth,"Pewaukee, WI",Pewaukee,WI,Wisconsin,USARashard Anderson,AndeRa21,2000,23,1,DB,Jackson St.,CAR,birth,"Forest, MS",Forest,MS,Mississippi,USAAhmed Plummer,PlumAh20,2000,24,1,DB,Ohio St.,SFO,birth,"Wyoming, OH",Wyoming,OH,Ohio,USAChris Hovan,HovaCh20,2000,25,1,DT,Boston Col.,MIN,birth,"Rocky River, OH",Rocky River,OH,Ohio,USAErik Flowers,FlowEr20,2000,26,1,DE,Arizona St.,BUF,birth,"San Antonio, TX",San Antonio,TX,Texas,USAAnthony Becht,BechAn00,2000,27,1,TE,West Virginia,NYJ,birth,"Drexel Hill, PA",Drexel Hill,PA,Pennsylvania,USARob Morris,MorrRo20,2000,28,1,LB,BYU,IND,birth,"Nampa, ID",Nampa,ID,Idaho,USAR. Jay Soward,SowaR.00,2000,29,1,WR,USC,JAX,birth,"Pomona, CA",Pomona,CA,California,USAKeith Bulluck,BullKe00,2000,30,1,LB,Syracuse,TEN,birth,"Suffern, NY",Suffern,NY,New York,USATrung Canidate,CaniTr00,2000,31,1,RB,Arizona,STL,birth,"Phoenix, AZ",Phoenix,AZ,Arizona,USADennis Northcutt,NortDe00,2000,32,2,WR,Arizona,CLE,birth,"Los Angeles, CA",Los Angeles,CA,California,USADarren Howard,HowaDa21,2000,33,2,DE,Kansas St.,NOR,birth,"St. Petersburg, FL",St. Petersburg,FL,Florida,USAMark Roman,RomaMa20,2000,34,2,DB,LSU,CIN,birth,"Lafayette, LA",Lafayette,LA,Louisiana,USAJohn Engelberger,EngeJo20,2000,35,2,DE,Virginia Tech,SFO,birth,"Heidelberg, Germany",Heidelberg,,,GermanyTodd Pinkston,PinkTo00,2000,36,2,WR,Southern Miss,PHI,birth,"Forest, MS",Forest,MS,Mississippi,USATravis Claridge,ClarTr20,2000,37,2,G,USC,ATL,birth,"Detroit, MI",Detroit,MI,Michigan,USAMarvel Smith,SmitMa55,2000,38,2,T,Arizona St.,PIT,birth,"Oakland, CA",Oakland,CA,California,USAMike Brown,BrowMi99,2000,39,2,DB,Nebraska,CHI,birth,"Scottsdale, AZ",Scottsdale,AZ,Arizona,USAIan Gold,GoldIa00,2000,40,2,LB,Michigan,DEN,birth,"Ann Arbor, MI",Ann Arbor,MI,Michigan,USARaynoch Thompson,ThomRa23,2000,41,2,LB,Tennessee,ARI,birth,"Los Angeles, CA",Los Angeles,CA,California,USACornelius Griffin,GrifCo20,2000,42,2,DT,Alabama,NYG,birth,"Brundidge, AL",Brundidge,AL,Alabama,USARogers Beckett,BeckRo20,2000,43,2,DB,Marshall,SDG,birth,"Apopka, FL",Apopka,FL,Florida,USAChad Clifton,ClifCh20,2000,44,2,T,Tennessee,GNB,birth,"Martin, TN",Martin,TN,Tennessee,USAKenoy Kennedy,KennKe21,2000,45,2,DB,Arkansas,DEN,birth,"Dallas, TX",Dallas,TX,Texas,USAAdrian Klemm,KlemAd20,2000,46,2,G,Hawaii,NWE,birth,"Inglewood, CA",Inglewood,CA,California,USAJerry Porter,PortJe00,2000,47,2,WR,West Virginia,OAK,birth,"Washington, DC",Washington,DC,District of Columbia,USAJason Webster,WebsJa20,2000,48,2,DB,Texas A&M,SFO,birth,"Houston, TX",Houston,TX,Texas,USADwayne Goodrich,GoodDw20,2000,49,2,DB,Tennessee,DAL,birth,"Oak Lawn, IL",Oak Lawn,IL,Illinois,USABarrett Green,GreeBa20,2000,50,2,LB,West Virginia,DET,birth,"West Palm Beach, FL",West Palm Beach,FL,Florida,USACosey Coleman,ColeCo21,2000,51,2,G,Tennessee,TAM,birth,"Clarkston, GA",Clarkston,GA,Georgia,USAIke Charlton,CharIk20,2000,52,2,DB,Virginia Tech,SEA,birth,"Orlando, FL",Orlando,FL,Florida,USATodd Wade,WadeTo20,2000,53,2,T,Mississippi,MIA,birth,"Greenwood, MS",Greenwood,MS,Mississippi,USAWilliam Bartee,BartWi20,2000,54,2,DB,Oklahoma,KAN,birth,"Daytona Beach, FL",Daytona Beach,FL,Florida,USAFred Robbins,RobbFr20,2000,55,2,DT,Wake Forest,MIN,birth,"Pensacola, FL",Pensacola,FL,Florida,USAMichael Boireau,BoriMi01,2000,56,2,DE,Miami (FL),MIN,birth,"Miami, FL",Miami,FL,Florida,USADeon Grant,GranDe21,2000,57,2,DB,Tennessee,CAR,birth,"Augusta, GA",Augusta,GA,Georgia,USATravares Tillman,TillTr20,2000,58,2,DB,Georgia Tech,BUF,birth,"Lyons, GA",Lyons,GA,Georgia,USAMarcus Washington,WashMa99,2000,59,2,LB,Auburn,IND,birth,"Auburn, AL",Auburn,AL,Alabama,USABrad Meester,MeesBr20,2000,60,2,C,Northern Iowa,JAX,birth,"Iowa Falls, IA",Iowa Falls,IA,Iowa,USABobbie Williams,WillBo21,2000,61,2,G,Arkansas,PHI,birth,"Jefferson, TX",Jefferson,TX,Texas,USAJacoby Shepherd,ShepJa20,2000,62,2,DB,Oklahoma St.,STL,birth,"Lufkin, TX",Lufkin,TX,Texas,USAMichael Vick,VickMi00,2001,1,1,QB,Virginia Tech,ATL,birth,"Newport News, VA",Newport News,VA,Virginia,USALeonard Davis,DaviLe21,2001,2,1,T,Texas,ARI,birth,"Wortham, TX",Wortham,TX,Texas,USAGerard Warren,WarrGe20,2001,3,1,DT,Florida,CLE,birth,"Lake City, FL",Lake City,FL,Florida,USAJustin Smith,SmitJu20,2001,4,1,DE,Missouri,CIN,birth,"Jefferson City, MO",Jefferson City,MO,Missouri,USALaDainian Tomlinson,TomlLa00,2001,5,1,RB,TCU,SDG,birth,"Rosebud, TX",Rosebud,TX,Texas,USARichard Seymour,SeymRi00,2001,6,1,DE,Georgia,NWE,birth,"Gadsden, SC",Gadsden,SC,South Carolina,USAAndre Carter,CartAn20,2001,7,1,DE,California,SFO,birth,"Denver, CO",Denver,CO,Colorado,USADavid Terrell,TerrDa00,2001,8,1,WR,Michigan,CHI,birth,"Richmond, VA",Richmond,VA,Virginia,USAKoren Robinson,RobiKo00,2001,9,1,WR,North Carolina St.,SEA,birth,"Belmont, NC",Belmont,NC,North Carolina,USAJamal Reynolds,ReynJa20,2001,10,1,DE,Florida St.,GNB,birth,"Augusta, GA",Augusta,GA,Georgia,USADan Morgan,MorgDa99,2001,11,1,LB,Miami (FL),CAR,birth,"Coral Springs, FL",Coral Springs,FL,Florida,USADamione Lewis,LewiDa20,2001,12,1,DT,Miami (FL),STL,birth,"Sulphur Springs, TX",Sulphur Springs,TX,Texas,USAMarcus Stroud,StroMa01,2001,13,1,DT,Georgia,JAX,birth,"Thomasville, GA",Thomasville,GA,Georgia,USAKenyatta Walker,WalkKe21,2001,14,1,T,Florida,TAM,birth,"Meridian, MS",Meridian,MS,Mississippi,USARod Gardner,GardRo00,2001,15,1,WR,Clemson,WAS,birth,"Jacksonville, FL",Jacksonville,FL,Florida,USASantana Moss,MossSa00,2001,16,1,WR,Miami (FL),NYJ,birth,"Miami, FL",Miami,FL,Florida,USASteve Hutchinson,HutcSt00,2001,17,1,G,Michigan,SEA,birth,"Fort Lauderdale, FL",Fort Lauderdale,FL,Florida,USAJeff Backus,BackJe20,2001,18,1,T,Michigan,DET,birth,"Midland, MI",Midland,MI,Michigan,USACasey Hampton,HampCa00,2001,19,1,NT,Texas,PIT,birth,"Galveston, TX",Galveston,TX,Texas,USAAdam Archuleta,ArchAd20,2001,20,1,DB,Arizona St.,STL,birth,"Chandler, AZ",Chandler,AZ,Arizona,USANate Clements,ClemNa99,2001,21,1,DB,Ohio St.,BUF,birth,"Shaker Heights, OH",Shaker Heights,OH,Ohio,USAWill Allen,AlleWi20,2001,22,1,DB,Syracuse,NYG,birth,"Syracuse, NY",Syracuse,NY,New York,USADeuce McAllister,McAlDe00,2001,23,1,RB,Mississippi,NOR,birth,"Lena, MS",Lena,MS,Mississippi,USAWillie Middlebrooks,MiddWi20,2001,24,1,DB,Minnesota,DEN,birth,"Miami, FL",Miami,FL,Florida,USAFreddie Mitchell,MitcFr00,2001,25,1,WR,UCLA,PHI,birth,"Lakeland, FL",Lakeland,FL,Florida,USAJamar Fletcher,FletJa20,2001,26,1,DB,Wisconsin,MIA,birth,"St. Louis, MO",St. Louis,MO,Missouri,USAMichael Bennett,BennMi00,2001,27,1,RB,Wisconsin,MIN,birth,"Milwaukee, WI",Milwaukee,WI,Wisconsin,USADerrick Gibson,GibsDe21,2001,28,1,DB,Florida St.,OAK,birth,"Miami, FL",Miami,FL,Florida,USARyan Pickett,PickRy20,2001,29,1,DT,Ohio St.,STL,birth,"Zephyrhills, FL",Zephyrhills,FL,Florida,USAReggie Wayne,WaynRe00,2001,30,1,WR,Miami (FL),IND,birth,"New Orleans, LA",New Orleans,LA,Louisiana,USATodd Heap,HeapTo00,2001,31,1,TE,Arizona St.,BAL,birth,"Mesa, AZ",Mesa,AZ,Arizona,USADrew Brees,BreeDr00,2001,32,2,QB,Purdue,SDG,birth,"Austin, TX",Austin,TX,Texas,USAQuincy Morgan,MorgQu00,2001,33,2,WR,Kansas St.,CLE,birth,"Garland, TX",Garland,TX,Texas,USAKyle Vanden Bosch,VandKy99,2001,34,2,DE,Nebraska,ARI,birth,"Larchwood, IA",Larchwood,IA,Iowa,USAAlge Crumpler,CrumAl00,2001,35,2,TE,North Carolina,ATL,birth,"Wilmington, NC",Wilmington,NC,North Carolina,USAChad Johnson,JohnCh01,2001,36,2,WR,Oregon St.,CIN,birth,"Miami, FL",Miami,FL,Florida,USAIdrees Bashir,BashId20,2001,37,2,DB,Memphis,IND,birth,"Decatur, GA",Decatur,GA,Georgia,USAAnthony Thomas,ThomAn01,2001,38,2,RB,Michigan,CHI,birth,"Pineville, LA",Pineville,LA,Louisiana,USAKendrell Bell,BellKe20,2001,39,2,LB,Georgia,PIT,birth,"Augusta, GA",Augusta,GA,Georgia,USAKen Lucas,LucaKe20,2001,40,2,DB,Mississippi,SEA,birth,"Cleveland, MS",Cleveland,MS,Mississippi,USARobert Ferguson,FergRo00,2001,41,2,WR,Texas A&M,GNB,birth,"Houston, TX",Houston,TX,Texas,USATommy Polley,PollTo21,2001,42,2,LB,Florida St.,STL,birth,"Baltimore, MD",Baltimore,MD,Maryland,USAMaurice Williams,WillMa25,2001,43,2,T,Michigan,JAX,birth,"Detroit, MI",Detroit,MI,Michigan,USAKris Jenkins,JenkKr00,2001,44,2,DT,Maryland,CAR,birth,"Ypsilanti, MI",Ypsilanti,MI,Michigan,USAFred Smoot,SmooFr20,2001,45,2,DB,Mississippi St.,WAS,birth,"Jackson, MS",Jackson,MS,Mississippi,USAAaron Schobel,SchoAa99,2001,46,2,DE,TCU,BUF,birth,"Columbus, TX",Columbus,TX,Texas,USAJamie Winborn,WinbJa20,2001,47,2,LB,Vanderbilt,SFO,birth,"Wetumpka, AL",Wetumpka,AL,Alabama,USAMatt Light,LighMa20,2001,48,2,T,Purdue,NWE,birth,"Greenville, OH",Greenville,OH,Ohio,USALaMont Jordan,JordLa00,2001,49,2,RB,Maryland,NYJ,birth,"Suitland, MD",Suitland,MD,Maryland,USADominic Raiola,RaioDo20,2001,50,2,C,Nebraska,DET,birth,"Honolulu, HI",Honolulu,HI,Hawaii,USAPaul Toviessi,ToviPa01,2001,51,2,DE,Marshall,DEN,birth,"Alexandria, VA",Alexandria,VA,Virginia,USAChris Chambers,ChamCh00,2001,52,2,WR,Wisconsin,MIA,birth,"Cleveland, OH",Cleveland,OH,Ohio,USAQuincy Carter,CartQu00,2001,53,2,QB,Georgia,DAL,birth,"Decatur, GA",Decatur,GA,Georgia,USAMichael Stone,StonMi20,2001,54,2,DB,Memphis,ARI,birth,"Southfield, MI",Southfield,MI,Michigan,USAQuinton Caver,CaveQu20,2001,55,2,LB,Arkansas,PHI,birth,"Anniston, AL",Anniston,AL,Alabama,USATony Dixon,DixoTo20,2001,56,2,DB,Alabama,DAL,birth,"Tuscaloosa, AL",Tuscaloosa,AL,Alabama,USAWillie Howard,HowaWi20,2001,57,2,DE,Stanford,MIN,birth,"Mountain View, CA",Mountain View,CA,California,USATravis Henry,HenrTr00,2001,58,2,RB,Tennessee,BUF,birth,"Frostproof, FL",Frostproof,FL,Florida,USAMarques Tuiasosopo,TuiaMa00,2001,59,2,QB,Washington,OAK,birth,"Seattle, WA",Seattle,WA,Washington,USAAndre Dyson,DysoAn20,2001,60,2,DB,Utah,TEN,birth,"Logan, UT",Logan,UT,Utah,USAShaun Rogers,RogeSh99,2001,61,2,DT,Texas,DET,birth,"Houston, TX",Houston,TX,Texas,USAGary Baxter,BaxtGa20,2001,62,2,DB,Baylor,BAL,birth,"Tyler, TX",Tyler,TX,Texas,USADavid Carr,CarrDa00,2002,1,1,QB,Fresno St.,HOU,birth,"Bakersfield, CA",Bakersfield,CA,California,USAJulius Peppers,PeppJu99,2002,2,1,DE,North Carolina,CAR,birth,"Wilson, NC",Wilson,NC,North Carolina,USAJoey Harrington,HarrJo00,2002,3,1,QB,Oregon,DET,birth,"Portland, OR",Portland,OR,Oregon,USAMike D. Williams,WillMi22,2002,4,1,T,Texas,BUF,birth,"Dallas, TX",Dallas,TX,Texas,USAQuentin Jammer,JammQu20,2002,5,1,DB,Texas,SDG,birth,"Bay City, TX",Bay City,TX,Texas,USARyan Sims,SimsRy20,2002,6,1,DT,North Carolina,KAN,birth,"Spartanburg, SC",Spartanburg,SC,South Carolina,USABryant McKinnie,McKiBr21,2002,7,1,T,Miami (FL),MIN,birth,"Woodbury, NJ",Woodbury,NJ,New Jersey,USARoy Williams,WillRo03,2002,8,1,DB,Oklahoma,DAL,birth,"Redwood City, CA",Redwood City,CA,California,USAJohn Henderson,HendJo99,2002,9,1,DT,Tennessee,JAX,birth,"Nashville, TN",Nashville,TN,Tennessee,USALevi Jones,JoneLe23,2002,10,1,T,Arizona St.,CIN,birth,"Eloy, AZ",Eloy,AZ,Arizona,USADwight Freeney,FreeDw00,2002,11,1,DE,Syracuse,IND,birth,"Hartford, CT",Hartford,CT,Connecticut,USAWendell Bryant,BryaWe20,2002,12,1,DT,Wisconsin,ARI,birth,"St. Louis, MO",St. Louis,MO,Missouri,USADonte Stallworth,StalDo00,2002,13,1,WR,Tennessee,NOR,birth,"Sacramento, CA",Sacramento,CA,California,USAJeremy Shockey,ShocJe00,2002,14,1,TE,Miami (FL),NYG,birth,"Ada, OK",Ada,OK,Oklahoma,USAAlbert Haynesworth,HaynAl20,2002,15,1,DT,Tennessee,TEN,birth,"Hartsville, SC",Hartsville,SC,South Carolina,USAWilliam Green,GreeWi01,2002,16,1,RB,Boston Col.,CLE,birth,"Atlantic City, NJ",Atlantic City,NJ,New Jersey,USAPhillip Buchanon,BuchPh20,2002,17,1,DB,Miami (FL),OAK,birth,"Fort Myers, FL",Fort Myers,FL,Florida,USAT.J. Duckett,DuckT.00,2002,18,1,RB,Michigan St.,ATL,birth,"Kalamazoo, MI",Kalamazoo,MI,Michigan,USAAshley Lelie,LeliAs00,2002,19,1,WR,Hawaii,DEN,birth,"Bellflower, CA",Bellflower,CA,California,USAJavon Walker,WalkJa00,2002,20,1,WR,Florida St.,GNB,birth,"Galveston, TX",Galveston,TX,Texas,USADaniel Graham,GrahDa00,2002,21,1,TE,Colorado,NWE,birth,"Torrance, CA",Torrance,CA,California,USABryan Thomas,ThomBr21,2002,22,1,DE,Ala-Birmingham,NYJ,birth,"Birmingham, AL",Birmingham,AL,Alabama,USANapoleon Harris,HarrNa20,2002,23,1,LB,Northwestern,OAK,birth,"Chicago, IL",Chicago,IL,Illinois,USAEd Reed,ReedEd00,2002,24,1,DB,Miami (FL),BAL,birth,"St. Rose, LA",St. Rose,LA,Louisiana,USACharles Grant,GranCh21,2002,25,1,DE,Georgia,NOR,birth,"Colquitt, GA",Colquitt,GA,Georgia,USALito Sheppard,ShepLi99,2002,26,1,DB,Florida,PHI,birth,"Jacksonville, FL",Jacksonville,FL,Florida,USAMike Rumph,RumpMi20,2002,27,1,DB,Miami (FL),SFO,birth,"Boynton Beach, FL",Boynton Beach,FL,Florida,USAJerramy Stevens,StevJe00,2002,28,1,TE,Washington,SEA,birth,"Boise, ID",Boise,ID,Idaho,USAMarc Colombo,ColoMa20,2002,29,1,T,Boston Col.,CHI,birth,"Bridgewater, MA",Bridgewater,MA,Massachusetts,USAKendall Simmons,SimmKe20,2002,30,1,G,Auburn,PIT,birth,"Ripley, MA",Ripley,MA,Massachusetts,USARobert W. Thomas,ThomRo20,2002,31,1,LB,UCLA,STL,birth,"El Centro, CA",El Centro,CA,California,USAPatrick Ramsey,RamsPa00,2002,32,1,QB,Tulane,WAS,birth,"Ruston, LA",Ruston,LA,Louisiana,USAJabar Gaffney,GaffJa00,2002,33,2,WR,Florida,HOU,birth,"San Antonio, TX",San Antonio,TX,Texas,USADeShaun Foster,FostDe00,2002,34,2,RB,UCLA,CAR,birth,"Charlotte, NC",Charlotte,NC,North Carolina,USAKalimba Edwards,EdwaKa20,2002,35,2,DE,South Carolina,DET,birth,"East Point, GA",East Point,GA,Georgia,USAJosh Reed,ReedJo01,2002,36,2,WR,LSU,BUF,birth,"Rayne, LA",Rayne,LA,Louisiana,USAAndre Gurode,GuroAn20,2002,37,2,G,Colorado,DAL,birth,"Houston, TX",Houston,TX,Texas,USARaonall Smith,SmitRa20,2002,38,2,LB,Washington St.,MIN,birth,"Mesa, AZ",Mesa,AZ,Arizona,USAToniu Fonoti,FonoTo20,2002,39,2,G,Nebraska,SDG,birth,"Pago Pago, American Samoa",Pago Pago,,,American SamoaMike Pearson,PearMi20,2002,40,2,T,Florida,JAX,birth,"Tampa, FL",Tampa,FL,Florida,USALamont Thompson,ThomLa21,2002,41,2,DB,Washington St.,CIN,birth,"Richmond, CA",Richmond,CA,California,USALarry Tripplett,TripLa20,2002,42,2,DT,Washington,IND,birth,"Los Angeles, CA",Los Angeles,CA,California,USAEddie Freeman,FreeEd20,2002,43,2,DE,Ala-Birmingham,KAN,birth,"Mobile, AL",Mobile,AL,Alabama,USALeCharles Bentley,BentLe00,2002,44,2,G,Ohio St.,NOR,birth,"Cleveland, OH",Cleveland,OH,Ohio,USATank Williams,WillTa20,2002,45,2,DB,Stanford,TEN,birth,"Gulfport, MS",Gulfport,MS,Mississippi,USATim Carter,CartTi00,2002,46,2,WR,Auburn,NYG,birth,"Atlanta, GA",Atlanta,GA,Georgia,USAAndre' Davis,DaviAn01,2002,47,2,WR,Virginia Tech,CLE,birth,"Niskayuna, NY",Niskayuna,NY,New York,USAReche Caldwell,CaldRe00,2002,48,2,WR,Florida,SDG,birth,"Tampa, FL",Tampa,FL,Florida,USALevar Fisher,FishLe20,2002,49,2,LB,North Carolina St.,ARI,birth,"Beaufort, NC",Beaufort,NC,North Carolina,USAChester Pitts,PittCh20,2002,50,2,T,San Diego St.,HOU,birth,"Inglewood, CA",Inglewood,CA,California,USAClinton Portis,PortCl00,2002,51,2,RB,Miami (FL),DEN,birth,"Laurel, MS",Laurel,MS,Mississippi,USAAnthony Weaver,WeavAn20,2002,52,2,DE,Notre Dame,BAL,birth,"Abilene, TX",Abilene,TX,Texas,USALangston Walker,WalkLa20,2002,53,2,T,California,OAK,birth,"Oakland, CA",Oakland,CA,California,USAMaurice Morris,MorrMa00,2002,54,2,RB,Oregon,SEA,birth,"Chester, SC",Chester,SC,South Carolina,USADoug Jolley,JollDo00,2002,55,2,TE,BYU,OAK,birth,"Sandy, UT",Sandy,UT,Utah,USALadell Betts,BettLa00,2002,56,2,RB,Iowa,WAS,birth,"Blue Springs, MO",Blue Springs,MO,Missouri,USAJon McGraw,McGrJo21,2002,57,2,DB,Kansas St.,NYJ,birth,"Manhattan, KS",Manhattan,KS,Kansas,USAMichael Lewis,LewiMi99,2002,58,2,DB,Colorado,PHI,birth,"Houston, TX",Houston,TX,Texas,USASheldon Brown,BrowSh20,2002,59,2,DB,South Carolina,PHI,birth,"Lancaster, SC",Lancaster,SC,South Carolina,USAAnton Palepoi,PaleAn20,2002,60,2,DE,UNLV,SEA,birth,"Salt Lake City, UT",Salt Lake City,UT,Utah,USARyan Denney,DennRy20,2002,61,2,DE,BYU,BUF,birth,"Thornton, CO",Thornton,CO,Colorado,USAAntwaan Randle El,RandAn00,2002,62,2,WR,Indiana,PIT,birth,"Riverdale, IL",Riverdale,IL,Illinois,USAAntonio Bryant,BryaAn00,2002,63,2,WR,Pittsburgh,DAL,birth,"Miami, FL",Miami,FL,Florida,USATravis Fisher,FishTr20,2002,64,2,DB,Central Florida,STL,birth,"Tallahassee, FL",Tallahassee,FL,Florida,USADeion Branch,BranDe00,2002,65,2,WR,Louisville,NWE,birth,"Albany, GA",Albany,GA,Georgia,USACarson Palmer,PalmCa00,2003,1,1,QB,USC,CIN,birth,"Fresno, CA",Fresno,CA,California,USACharles Rogers,RogeCh01,2003,2,1,WR,Michigan St.,DET,birth,"Saginaw, MI",Saginaw,MI,Michigan,USAAndre Johnson,JohnAn02,2003,3,1,WR,Miami (FL),HOU,birth,"Miami, FL",Miami,FL,Florida,USADewayne Robertson,RobeDe20,2003,4,1,DT,Kentucky,NYJ,birth,"Memphis, TN",Memphis,TN,Tennessee,USATerence Newman,NewmTe20,2003,5,1,DB,Kansas St.,DAL,birth,"Salina, KS",Salina,KS,Kansas,USAJohnathan Sullivan,SullJo23,2003,6,1,DT,Georgia,NOR,birth,"Griffin, GA",Griffin,GA,Georgia,USAByron Leftwich,LeftBy00,2003,7,1,QB,Marshall,JAX,birth,"Washington, DC",Washington,DC,District of Columbia,USAJordan Gross,GrosJo20,2003,8,1,T,Utah,CAR,birth,"Fruitland, ID",Fruitland,ID,Idaho,USAKevin Williams,WillKe98,2003,9,1,DT,Oklahoma St.,MIN,birth,"Arkadelphia, AR",Arkadelphia,AR,Arkansas,USATerrell Suggs,SuggTe99,2003,10,1,LB,Arizona St.,BAL,birth,"Minneapolis, MN",Minneapolis,MN,Minnesota,USAMarcus Trufant,TrufMa20,2003,11,1,DB,Washington St.,SEA,birth,"Tacoma, WA",Tacoma,WA,Washington,USAJimmy Kennedy,KennJi21,2003,12,1,DT,Penn St.,STL,birth,"Yonkers, NY",Yonkers,NY,New York,USATy Warren,WarrTy20,2003,13,1,DE,Texas A&M,NWE,birth,"Bryan, TX",Bryan,TX,Texas,USAMichael Haynes,HaynMi20,2003,14,1,DE,Penn St.,CHI,birth,"Brooklyn, NY",Brooklyn,NY,New York,USAJerome McDougle,McDoJe20,2003,15,1,DE,Miami (FL),PHI,birth,"Pompano Beach, FL",Pompano Beach,FL,Florida,USATroy Polamalu,PolaTr99,2003,16,1,DB,USC,PIT,birth,"Garden Grove, CA",Garden Grove,CA,California,USABryant Johnson,JohnBr02,2003,17,1,WR,Penn St.,ARI,birth,"Baltimore, MD",Baltimore,MD,Maryland,USACalvin Pace,PaceCa20,2003,18,1,DE,Wake Forest,ARI,birth,"Detroit, MI",Detroit,MI,Michigan,USAKyle Boller,BollKy00,2003,19,1,QB,California,BAL,birth,"Burbank, CA",Burbank,CA,California,USAGeorge Foster,FostGe20,2003,20,1,T,Georgia,DEN,birth,"Macon, GA",Macon,GA,Georgia,USAJeff Faine,FainJe20,2003,21,1,C,Notre Dame,CLE,birth,"Milwaukie, OR",Milwaukie,OR,Oregon,USARex Grossman,GrosRe00,2003,22,1,QB,Florida,CHI,birth,"Bloomington, IN",Bloomington,IN,Indiana,USAWillis McGahee,McGaWi00,2003,23,1,RB,Miami (FL),BUF,birth,"Miami, FL",Miami,FL,Florida,USADallas Clark,ClarDa00,2003,24,1,TE,Iowa,IND,birth,"Livermore, IA",Livermore,IA,Iowa,USAWilliam Joseph,JoseWi20,2003,25,1,DT,Miami (FL),NYG,birth,"Miami, FL",Miami,FL,Florida,USAKwame Harris,HarrKw20,2003,26,1,T,Stanford,SFO,birth,"Kingston, Jamaica",Kingston,,,JamaicaLarry Johnson,JohnLa00,2003,27,1,RB,Penn St.,KAN,birth,"State College, PA",State College,PA,Pennsylvania,USAAndre Woolfolk,WoolAn20,2003,28,1,DB,Oklahoma,TEN,birth,"Denver, CO",Denver,CO,Colorado,USANick Barnett,BarnNi20,2003,29,1,LB,Oregon St.,GNB,birth,"Fontana, CA",Fontana,CA,California,USASammy Davis,DaviSa21,2003,30,1,DB,Texas A&M,SDG,birth,"Humble, TX",Humble,TX,Texas,USANnamdi Asomugha,AsomNn20,2003,31,1,DB,California,OAK,birth,"Lafayette, LA",Lafayette,LA,Louisiana,USATyler Brayton,BrayTy20,2003,32,1,DE,Colorado,OAK,birth,"Richland, WA",Richland,WA,Washington,USAEric Steinbach,SteiEr20,2003,33,2,G,Iowa,CIN,birth,"New Lenox, IL",New Lenox,IL,Illinois,USABoss Bailey,BailBo20,2003,34,2,LB,Georgia,DET,birth,"Folkston, GA",Folkston,GA,Georgia,USACharles Tillman,TillCh20,2003,35,2,DB,La-Lafayette,CHI,birth,"Chicago, IL",Chicago,IL,Illinois,USAEugene Wilson,WilsEu20,2003,36,2,DB,Illinois,NWE,birth,"Maywood, IL",Maywood,IL,Illinois,USAJon Stinchcomb,StinJo20,2003,37,2,T,Georgia,NOR,birth,"Lilburn, GA",Lilburn,GA,Georgia,USAAl Johnson,JohnAl22,2003,38,2,C,Wisconsin,DAL,birth,"Brussels, WI",Brussels,WI,Wisconsin,USARashean Mathis,MathRa99,2003,39,2,DB,Bethune-Cookman,JAX,birth,"Nashville, GA",Nashville,GA,Georgia,USAE.J. Henderson,HendE.20,2003,40,2,LB,Maryland,MIN,birth,"Aberdeen, MD",Aberdeen,MD,Maryland,USABennie Joppru,JoppBe00,2003,41,2,TE,Michigan,HOU,birth,"Dickinson, ND",Dickinson,ND,North Dakota,USAKen Hamlin,HamlKe20,2003,42,2,DB,Arkansas,SEA,birth,"Memphis, TN",Memphis,TN,Tennessee,USAPisa Tinoisamoa,TinoPi20,2003,43,2,LB,Hawaii,STL,birth,"San Diego, CA",San Diego,CA,California,USATaylor Jacobs,JacoTa00,2003,44,2,WR,Florida,WAS,birth,"Tallahassee, FL",Tallahassee,FL,Florida,USABethel Johnson,JohnBe00,2003,45,2,WR,Texas A&M,NWE,birth,"Corsicana, TX",Corsicana,TX,Texas,USADrayton Florence,FlorDr20,2003,46,2,DB,Tuskegee,SDG,birth,"Waycross, GA",Waycross,GA,Georgia,USAKawika Mitchell,MitcKa20,2003,47,2,LB,South Florida,KAN,birth,"Winter Springs, FL",Winter Springs,FL,Florida,USAChris Kelsay,KelsCh21,2003,48,2,DE,Nebraska,BUF,birth,"Auburn, NE",Auburn,NE,Nebraska,USAEddie Moore,MoorEd20,2003,49,2,LB,Tennessee,MIA,birth,"Chattanooga, TN",Chattanooga,TN,Tennessee,USABruce Nelson,NelsBr20,2003,50,2,G,Iowa,CAR,birth,"Emmetsburg, IA",Emmetsburg,IA,Iowa,USATerry Pierce,PierTe20,2003,51,2,LB,Kansas St.,DEN,birth,"Fort Worth, TX",Fort Worth,TX,Texas,USAChaun Thompson,ThomCh23,2003,52,2,LB,West Texas A&M,CLE,birth,"Mount Pleasant, TX",Mount Pleasant,TX,Texas,USAVictor Hobson,HobsVi20,2003,53,2,LB,Michigan,NYJ,birth,"Mount Laurel, NJ",Mount Laurel,NJ,New Jersey,USAAnquan Boldin,BoldAn00,2003,54,2,WR,Florida St.,ARI,birth,"Pahokee, FL",Pahokee,FL,Florida,USABryan Scott,ScotBr20,2003,55,2,DB,Penn St.,ATL,birth,"Warrington, PA",Warrington,PA,Pennsylvania,USAOsi Umenyiora,UmenOs99,2003,56,2,DE,,NYG,birth,"London, England",London,,,EnglandAnthony Adams,AdamAn20,2003,57,2,DT,Penn St.,SFO,birth,"Detroit, MI",Detroit,MI,Michigan,USAMike Doss,DossMi20,2003,58,2,DB,Ohio St.,IND,birth,"Canton, OH",Canton,OH,Ohio,USAAlonzo Jackson,JackAl23,2003,59,2,LB,Florida St.,PIT,birth,"Americus, GA",Americus,GA,Georgia,USATyrone Calico,CaliTy00,2003,60,2,WR,Middle Tenn. St.,TEN,birth,"Orange County, CA",Orange County,CA,California,USAL.J. Smith,SmitL.00,2003,61,2,TE,Rutgers,PHI,birth,"New Brunswick, NJ",New Brunswick,NJ,New Jersey,USATerrence Kiel,KielTe20,2003,62,2,DB,Texas A&M,SDG,birth,"Lufkin, TX",Lufkin,TX,Texas,USATeyo Johnson,JohnTe00,2003,63,2,TE,Stanford,OAK,birth,"White Rock, Canada",White Rock,,,CanadaDewayne White,WhitDe20,2003,64,2,DE,Louisville,TAM,birth,"Marbury, AL",Marbury,AL,Alabama,USAEli Manning,MannEl00,2004,1,1,QB,Mississippi,SDG,birth,"New Orleans, LA",New Orleans,LA,Louisiana,USARobert Gallery,GallRo20,2004,2,1,T,Iowa,OAK,birth,"Manchester, IA",Manchester,IA,Iowa,USALarry Fitzgerald,FitzLa00,2004,3,1,WR,Pittsburgh,ARI,birth,"Minneapolis, MN",Minneapolis,MN,Minnesota,USAPhilip Rivers,RivePh00,2004,4,1,QB,North Carolina St.,NYG,birth,"Decatur, AL",Decatur,AL,Alabama,USASean Taylor,TaylSe20,2004,5,1,DB,Miami (FL),WAS,birth,"Miami, FL",Miami,FL,Florida,USAKellen Winslow Jr.,WinsKe01,2004,6,1,TE,Miami (FL),CLE,birth,"San Diego, CA",San Diego,CA,California,USARoy E. Williams,WillRo04,2004,7,1,WR,Texas,DET,birth,"Odessa, TX",Odessa,TX,Texas,USADeAngelo Hall,HallDe99,2004,8,1,DB,Virginia Tech,ATL,birth,"Chesapeake, VA",Chesapeake,VA,Virginia,USAReggie Williams,WillRe00,2004,9,1,WR,Washington,JAX,birth,"Landstuhl, Germany",Landstuhl,,,GermanyDunta Robinson,RobiDu20,2004,10,1,DB,South Carolina,HOU,birth,"Athens, GA",Athens,GA,Georgia,USABen Roethlisberger,RoetBe00,2004,11,1,QB,,PIT,birth,"Findlay, OH",Findlay,OH,Ohio,USAJonathan Vilma,VilmJo99,2004,12,1,LB,Miami (FL),NYJ,birth,"Coral Gables, FL",Coral Gables,FL,Florida,USALee Evans,EvanLe00,2004,13,1,WR,Wisconsin,BUF,birth,"Bedford, OH",Bedford,OH,Ohio,USATommie Harris,HarrTo99,2004,14,1,DT,Oklahoma,CHI,birth,"Killeen, TX",Killeen,TX,Texas,USAMichael Clayton,ClayMi00,2004,15,1,WR,LSU,TAM,birth,"Baton Rouge, LA",Baton Rouge,LA,Louisiana,USAShawn Andrews,AndrSh55,2004,16,1,G,Arkansas,PHI,birth,"Camden, AR",Camden,AR,Arkansas,USAD.J. Williams,WillD.20,2004,17,1,LB,Miami (FL),DEN,birth,"Pittsburg, CA",Pittsburg,CA,California,USAWill Smith,SmitWi99,2004,18,1,DE,Ohio St.,NOR,birth,"Queens, NY",Queens,NY,New York,USAVernon Carey,CareVe20,2004,19,1,T,Miami (FL),MIA,birth,"Miami, FL",Miami,FL,Florida,USAKenechi Udeze,UdezKe20,2004,20,1,DE,USC,MIN,birth,"Los Angeles, CA",Los Angeles,CA,California,USAVince Wilfork,WilfVi20,2004,21,1,NT,Miami (FL),NWE,birth,"Boynton Beach, FL",Boynton Beach,FL,Florida,USAJ.P. Losman,LosmJ.00,2004,22,1,QB,Tulane,BUF,birth,"Venice, CA",Venice,CA,California,USAMarcus Tubbs,TubbMa20,2004,23,1,DT,Texas,SEA,birth,"Dallas, TX",Dallas,TX,Texas,USASteven Jackson,JackSt00,2004,24,1,RB,Oregon St.,STL,birth,"Las Vegas, NV",Las Vegas,NV,Nevada,USAAhmad Carroll,CarrAh20,2004,25,1,DB,Arkansas,GNB,birth,"Atlanta, GA",Atlanta,GA,Georgia,USAChris Perry,PerrCh00,2004,26,1,RB,Michigan,CIN,birth,"Advance, NC",Advance,NC,North Carolina,USAJason Babin,BabiJa20,2004,27,1,LB,West. Michigan,HOU,birth,"Kalamazoo, MI",Kalamazoo,MI,Michigan,USAChris Gamble,GambCh20,2004,28,1,DB,Ohio St.,CAR,birth,"Boston, MA",Boston,MA,Massachusetts,USAMichael Jenkins,JenkMi00,2004,29,1,WR,Ohio St.,ATL,birth,"Tampa, FL",Tampa,FL,Florida,USAKevin Jones,JoneKe02,2004,30,1,RB,Virginia Tech,DET,birth,"Chester, PA",Chester,PA,Pennsylvania,USARashaun Woods,WoodRa00,2004,31,1,WR,Oklahoma St.,SFO,birth,"Oklahoma City, OK",Oklahoma City,OK,Oklahoma,USABen Watson,WatsBe00,2004,32,1,TE,Georgia,NWE,birth,"Norfolk, VA",Norfolk,VA,Virginia,USAKarlos Dansby,DansKa20,2004,33,2,LB,Auburn,ARI,birth,"Birmingham, AL",Birmingham,AL,Alabama,USAChris Snee,SneeCh20,2004,34,2,G,Boston Col.,NYG,birth,"Edison, NJ",Edison,NJ,New Jersey,USAIgor Olshansky,OlshIg20,2004,35,2,DE,Oregon,SDG,birth,"Dnepropetrovsk, Ukraine",Dnepropetrovsk,,,UkraineJunior Siavii,SiavJu20,2004,36,2,DT,Oregon,KAN,birth,"Pago Pago, American Samoa",Pago Pago,,,American SamoaTeddy Lehman,LehmTe20,2004,37,2,LB,Oklahoma,DET,birth,"Tulsa, OK",Tulsa,OK,Oklahoma,USARicardo Colclough,ColcRi20,2004,38,2,DB,Tusculum,PIT,birth,"Sumter, SC",Sumter,SC,South Carolina,USADaryl Smith,SmitDa24,2004,39,2,LB,Georgia Tech,JAX,birth,"Albany, GA",Albany,GA,Georgia,USABen Troupe,TrouBe00,2004,40,2,TE,Florida,TEN,birth,"Swainsboro, GA",Swainsboro,GA,Georgia,USATatum Bell,BellTa00,2004,41,2,RB,Oklahoma St.,DEN,birth,"Dallas, TX",Dallas,TX,Texas,USATravis LaBoy,LaBoTr20,2004,42,2,DE,Hawaii,TEN,birth,"Honolulu, HI",Honolulu,HI,Hawaii,USAJulius Jones,JoneJu01,2004,43,2,RB,Notre Dame,DAL,birth,"Big Stone Gap, VA",Big Stone Gap,VA,Virginia,USABob Sanders,SandBo99,2004,44,2,DB,Iowa,IND,birth,"Erie, PA",Erie,PA,Pennsylvania,USAJake Grove,GrovJa20,2004,45,2,C,Virginia Tech,OAK,birth,"Johnson City, TN",Johnson City,TN,Tennessee,USAJustin Smiley,SmilJu20,2004,46,2,G,Alabama,SFO,birth,"Ellabell, GA",Ellabell,GA,Georgia,USATank Johnson,JohnTa20,2004,47,2,DT,Washington,CHI,birth,"Chandler, AZ",Chandler,AZ,Arizona,USADontarrious Thomas,ThomDo21,2004,48,2,LB,Auburn,MIN,birth,"Perry, AL",Perry,AL,Alabama,USAKeiwan Ratliff,RatlKe20,2004,49,2,DB,Florida,CIN,birth,"Youngstown, OH",Youngstown,OH,Ohio,USADevery Henderson,HendDe00,2004,50,2,WR,LSU,NOR,birth,"Lafayette, LA",Lafayette,LA,Louisiana,USADwan Edwards,EdwaDw20,2004,51,2,DT,Oregon St.,BAL,birth,"Billings, MT",Billings,MT,Montana,USAJacob Rogers,RogeJa20,2004,52,2,T,USC,DAL,birth,"Oxnard, CA",Oxnard,CA,California,USAMichael Boulware,BoulMi20,2004,53,2,DB,Florida St.,SEA,birth,"Columbia, SC",Columbia,SC,South Carolina,USADarius Watts,WattDa00,2004,54,2,WR,Marshall,DEN,birth,"Atlanta, GA",Atlanta,GA,Georgia,USAGreg Jones,JoneGr01,2004,55,2,RB,Florida St.,JAX,birth,"Columbia, SC",Columbia,SC,South Carolina,USAMadieu Williams,WillMa20,2004,56,2,DB,Maryland,CIN,birth,"Freetown, Sierra Leone",Freetown,,,Sierra LeoneAntwan Odom,OdomAn20,2004,57,2,DE,Alabama,TEN,birth,"Mobile, AL",Mobile,AL,Alabama,USAShawntae Spencer,SpenSh20,2004,58,2,DB,Pittsburgh,SFO,birth,"Rankin, PA",Rankin,PA,Pennsylvania,USASean Jones,JoneSe20,2004,59,2,DB,Georgia,CLE,birth,"Atlanta, GA",Atlanta,GA,Georgia,USACourtney Watson,WatsCo20,2004,60,2,LB,Notre Dame,NOR,birth,"Sarasota, FL",Sarasota,FL,Florida,USAKris Wilson,WilsKr00,2004,61,2,TE,Pittsburgh,KAN,birth,"Lancaster, PA",Lancaster,PA,Pennsylvania,USAKeary Colbert,ColbKe00,2004,62,2,WR,USC,CAR,birth,"Oxnard, CA",Oxnard,CA,California,USAMarquise Hill,HillMa21,2004,63,2,DE,LSU,NWE,birth,"New Orleans, LA",New Orleans,LA,Louisiana,USAAlex Smith,SmitAl02,2005,1,1,QB,Utah,SFO,birth,"Denver, CO",Denver,CO,Colorado,USAAlex Smith,SmitAl03,2005,1,1,QB,Utah,SFO,birth,"Seattle, WA",Seattle,WA,Washington,USARonnie Brown,BrowRo05,2005,2,1,RB,Auburn,MIA,birth,"Rome, GA",Rome,GA,Georgia,USABraylon Edwards,EdwaBr00,2005,3,1,WR,Michigan,CLE,birth,"Detroit, MI",Detroit,MI,Michigan,USACedric Benson,BensCe00,2005,4,1,RB,Texas,CHI,birth,"Midland, TX",Midland,TX,Texas,USACadillac Williams,WillCa02,2005,5,1,RB,Auburn,TAM,birth,"Gadsden, AL",Gadsden,AL,Alabama,USAAdam Jones,JonePa20,2005,6,1,DB,West Virginia,TEN,birth,"College Park, GA",College Park,GA,Georgia,USATroy Williamson,WillTr01,2005,7,1,WR,South Carolina,MIN,birth,"Aiken, SC",Aiken,SC,South Carolina,USAAntrel Rolle,RollAn20,2005,8,1,DB,Miami (FL),ARI,birth,"Homestead, FL",Homestead,FL,Florida,USACarlos Rogers,RogeCa20,2005,9,1,DB,Auburn,WAS,birth,"Augusta, GA",Augusta,GA,Georgia,USAMike Williams,WillMi03,2005,10,1,WR,USC,DET,birth,"Tampa, FL",Tampa,FL,Florida,USADeMarcus Ware,WareDe99,2005,11,1,LB,,DAL,birth,"Auburn, AL",Auburn,AL,Alabama,USAShawne Merriman,MerrSh99,2005,12,1,LB,Maryland,SDG,birth,"Washington, DC",Washington,DC,District of Columbia,USAJammal Brown,BrowJa55,2005,13,1,T,Oklahoma,NOR,birth,"Lawton, OK",Lawton,OK,Oklahoma,USAThomas Davis,DaviTh20,2005,14,1,LB,Georgia,CAR,birth,"Shellman, GA",Shellman,GA,Georgia,USADerrick O. Johnson,JohnDe25,2005,15,1,LB,Texas,KAN,birth,"Waco, TX",Waco,TX,Texas,USATravis Johnson,JohnTr20,2005,16,1,DT,Florida St.,HOU,birth,"Sherman Oaks, CA",Sherman Oaks,CA,California,USADavid Pollack,PollDa20,2005,17,1,LB,Georgia,CIN,birth,"Snellville, GA",Snellville,GA,Georgia,USAErasmus James,JameEr20,2005,18,1,DE,Wisconsin,MIN,birth,"Basseterre, Saint Kitts and Nevis",Basseterre,,,Saint Kitts and NevisAlex Barron,BarrAl20,2005,19,1,T,Florida St.,STL,birth,"Orangeburg, SC",Orangeburg,SC,South Carolina,USAMarcus R. Spears,SpeaMa21,2005,20,1,DE,LSU,DAL,birth,"Baton Rouge, LA",Baton Rouge,LA,Louisiana,USAMatt Jones,JoneMa00,2005,21,1,WR,Arkansas,JAX,birth,"Fort Smith, AR",Fort Smith,AR,Arkansas,USAMark Clayton,ClayMa01,2005,22,1,WR,Oklahoma,BAL,birth,"Oklahoma City, OK",Oklahoma City,OK,Oklahoma,USAFabian Washington,WashFa20,2005,23,1,DB,Washington,OAK,birth,"Bradenton, FL",Bradenton,FL,Florida,USAAaron Rodgers,RodgAa00,2005,24,1,QB,California,GNB,birth,"Chico, CA",Chico,CA,California,USAJason Campbell,CampJa00,2005,25,1,QB,Auburn,WAS,birth,"Laurel, MS",Laurel,MS,Mississippi,USAChris Spencer,SpenCh21,2005,26,1,C,Mississippi,SEA,birth,"Madison, MS",Madison,MS,Mississippi,USARoddy White,WhitRo00,2005,27,1,WR,Ala-Birmingham,ATL,birth,"James Island, SC",James Island,SC,South Carolina,USALuis Castillo,CastLu20,2005,28,1,DE,Northwestern,SDG,birth,"Brooklyn, NY",Brooklyn,NY,New York,USAMarlin Jackson,JackMa22,2005,29,1,DB,Michigan,IND,birth,"Sharon, PA",Sharon,PA,Pennsylvania,USAHeath Miller,MillHe00,2005,30,1,TE,Virginia,PIT,birth,"Richlands, VA",Richlands,VA,Virginia,USAMike Patterson,PattMi20,2005,31,1,DT,USC,PHI,birth,"Sacramento, CA",Sacramento,CA,California,USALogan Mankins,MankLo20,2005,32,1,G,Fresno St.,NWE,birth,"Catheys Valley, CA",Catheys Valley,CA,California,USADavid Baas,BaasDa20,2005,33,2,G,Michigan,SFO,birth,"Bixby, OK",Bixby,OK,Oklahoma,USABrodney Pool,PoolBr20,2005,34,2,DB,Oklahoma,CLE,birth,"Houston, TX",Houston,TX,Texas,USAReggie Brown,BrowRe01,2005,35,2,WR,Georgia,PHI,birth,"Carrollton, GA",Carrollton,GA,Georgia,USABarrett Ruud,RuudBa20,2005,36,2,LB,Nebraska,TAM,birth,"Lincoln, NE",Lincoln,NE,Nebraska,USAShaun Cody,CodySh20,2005,37,2,DT,USC,DET,birth,"Whittier, CA",Whittier,CA,California,USAStanford Routt,RoutSt20,2005,38,2,DB,Houston,OAK,birth,"Austin, TX",Austin,TX,Texas,USAMark Bradley,BradMa00,2005,39,2,WR,Oklahoma,CHI,birth,"Pine Bluff, AR",Pine Bluff,AR,Arkansas,USAJosh Bullocks,BullJo20,2005,40,2,DB,Nebraska,NOR,birth,"Chattanooga, TN",Chattanooga,TN,Tennessee,USAMichael Roos,RoosMi20,2005,41,2,T,East. Washington,TEN,birth,"Tallin, Estonia",Tallin,,,EstoniaKevin Burnett,BurnKe20,2005,42,2,LB,Tennessee,DAL,birth,"Englewood, CA",Englewood,CA,California,USACorey Webster,WebsCo20,2005,43,2,DB,LSU,NYG,birth,"Vacherie, LA",Vacherie,LA,Louisiana,USAJ.J. Arrington,ArriJ.00,2005,44,2,RB,California,ARI,birth,"Rocky Mount, NC",Rocky Mount,NC,North Carolina,USALofa Tatupu,TatuLo99,2005,45,2,LB,USC,SEA,birth,"Wrentham, MA",Wrentham,MA,Massachusetts,USAMatt Roth,RothMa20,2005,46,2,DE,Iowa,MIA,birth,"Villa Park, IL",Villa Park,IL,Illinois,USAMike Nugent,nugenmik01,2005,47,2,K,Ohio St.,NYJ,birth,"Centerville, OH",Centerville,OH,Ohio,USAOdell Thurman,ThurOd20,2005,48,2,LB,Georgia,CIN,birth,"Monticello, GA",Monticello,GA,Georgia,USAMarcus Johnson,JohnMa20,2005,49,2,G,Mississippi,MIN,birth,"Greenville, MS",Greenville,MS,Mississippi,USARonald Bartell,BartRo20,2005,50,2,DB,Howard,STL,birth,"Detroit, MI",Detroit,MI,Michigan,USANick Collins,CollNi20,2005,51,2,DB,Bethune-Cookman,GNB,birth,"Gainesville, FL",Gainesville,FL,Florida,USAKhalif Barnes,BarnKh20,2005,52,2,T,Washington,JAX,birth,"San Diego, CA",San Diego,CA,California,USADan Cody,CodyDa20,2005,53,2,DE,Oklahoma,BAL,birth,"Ada, OK",Ada,OK,Oklahoma,USAEric Shelton,ShelEr00,2005,54,2,RB,Louisville,CAR,birth,"Lexington, KY",Lexington,KY,Kentucky,USARoscoe Parrish,ParrRo00,2005,55,2,WR,Miami (FL),BUF,birth,"Miami, FL",Miami,FL,Florida,USADarrent Williams,WillDa21,2005,56,2,DB,Oklahoma St.,DEN,birth,"Fort Worth, TX",Fort Worth,TX,Texas,USAJustin Miller,MillJu99,2005,57,2,DB,Clemson,NYJ,birth,"Owensboro, KY",Owensboro,KY,Kentucky,USATerrence Murphy,MurpTe00,2005,58,2,WR,Texas A&M,GNB,birth,"Tyler, TX",Tyler,TX,Texas,USAJonathan Babineaux,BabiJo20,2005,59,2,DE,Iowa,ATL,birth,"Port Arthur, TX",Port Arthur,TX,Texas,USAKelvin Hayden,HaydKe20,2005,60,2,DB,Illinois,IND,birth,"Chicago, IL",Chicago,IL,Illinois,USAVincent Jackson,JackVi00,2005,61,2,WR,Northern Colorado,SDG,birth,"Fort Polk, LA",Fort Polk,LA,Louisiana,USABryant McFadden,McFaBr20,2005,62,2,DB,Florida St.,PIT,birth,"Hollywood, FL",Hollywood,FL,Florida,USAMatt McCoy,McCoMa20,2005,63,2,LB,San Diego St.,PHI,birth,"Orange County, CA",Orange County,CA,California,USAAdam Terry,TerrAd20,2005,64,2,T,Syracuse,BAL,birth,"Glen Falls, NY",Glen Falls,NY,New York,USAMario Williams,WillMa22,2006,1,1,DE,North Carolina St.,HOU,birth,"Richlands, NC",Richlands,NC,North Carolina,USAReggie Bush,BushRe00,2006,2,1,RB,USC,NOR,birth,"Spring Valley, CA",Spring Valley,CA,California,USAVince Young,YounVi00,2006,3,1,QB,Texas,TEN,birth,"Houston, TX",Houston,TX,Texas,USAD'Brickashaw Ferguson,FergDB20,2006,4,1,T,Virginia,NYJ,birth,"New York, NY",New York,NY,New York,USAA.J. Hawk,HawkA.20,2006,5,1,LB,Ohio St.,GNB,birth,"Centerville, OH",Centerville,OH,Ohio,USAVernon Davis,DaviVe00,2006,6,1,TE,Maryland,SFO,birth,"Washington, DC",Washington,DC,District of Columbia,USAMichael Huff,HuffMi20,2006,7,1,DB,Texas,OAK,birth,"Irving, TX",Irving,TX,Texas,USADonte Whitner,WhitDo20,2006,8,1,DB,Ohio St.,BUF,birth,"Cleveland, OH",Cleveland,OH,Ohio,USAErnie Sims,SimsEr20,2006,9,1,LB,Florida St.,DET,birth,"Tallahassee, FL",Tallahassee,FL,Florida,USAMatt Leinart,LeinMa00,2006,10,1,QB,USC,ARI,birth,"Santa Ana, CA",Santa Ana,CA,California,USAJay Cutler,CutlJa00,2006,11,1,QB,Vanderbilt,DEN,birth,"Santa Claus, IN",Santa Claus,IN,Indiana,USAHaloti Ngata,NgatHa20,2006,12,1,DT,Oregon,BAL,birth,"Inglewood, CA",Inglewood,CA,California,USAKamerion Wimbley,WimbKa20,2006,13,1,DE,Florida St.,CLE,birth,"Wichita, KS",Wichita,KS,Kansas,USABrodrick Bunkley,BunkBr20,2006,14,1,DT,Florida St.,PHI,birth,"Tampa, FL",Tampa,FL,Florida,USATye Hill,HillTy20,2006,15,1,DB,Clemson,STL,birth,"St. George, SC",St. George,SC,South Carolina,USAJason Allen,AlleJa23,2006,16,1,DB,Tennessee,MIA,birth,"Muscle Shoals, AL",Muscle Shoals,AL,Alabama,USAChad Greenway,GreeCh99,2006,17,1,LB,Iowa,MIN,birth,"Mount Vernon, SD",Mount Vernon,SD,South Dakota,USABobby Carpenter,CarpBo20,2006,18,1,LB,Ohio St.,DAL,birth,"Lancaster, OH",Lancaster,OH,Ohio,USAAntonio Cromartie,CromAn20,2006,19,1,DB,Florida St.,SDG,birth,"Tallahassee, FL",Tallahassee,FL,Florida,USATamba Hali,HaliTa20,2006,20,1,DE,Penn St.,KAN,birth,"Gbanga, Liberia",Gbanga,,,LiberiaLaurence Maroney,MaroLa00,2006,21,1,RB,Minnesota,NWE,birth,"St. Louis, MO",St. Louis,MO,Missouri,USAManny Lawson,LawsMa20,2006,22,1,DE,North Carolina St.,SFO,birth,"Goldsboro, NC",Goldsboro,NC,North Carolina,USADavin Joseph,JoseDa20,2006,23,1,G,Oklahoma,TAM,birth,"Hallandale, FL",Hallandale,FL,Florida,USAJohnathan Joseph,JoseJo20,2006,24,1,DB,South Carolina,CIN,birth,"Rock Hill, SC",Rock Hill,SC,South Carolina,USASantonio Holmes,HolmSa00,2006,25,1,WR,Ohio St.,PIT,birth,"Belle Glade, FL",Belle Glade,FL,Florida,USAJohn McCargo,McCaJo22,2006,26,1,DT,North Carolina St.,BUF,birth,"Drake's Branch, VA",Drake's Branch,VA,Virginia,USADeAngelo Williams,WillDe02,2006,27,1,RB,Memphis,CAR,birth,"Little Rock, AR",Little Rock,AR,Arkansas,USAMarcedes Lewis,LewiMa00,2006,28,1,TE,UCLA,JAX,birth,"Long Beach, CA",Long Beach,CA,California,USANick Mangold,MangNi20,2006,29,1,C,Ohio St.,NYJ,birth,"Centerville, OH",Centerville,OH,Ohio,USAJoseph Addai,AddaJo00,2006,30,1,RB,LSU,IND,birth,"Houston, TX",Houston,TX,Texas,USAKelly Jennings,JennKe20,2006,31,1,DB,Miami (FL),SEA,birth,"Live Oak, FL",Live Oak,FL,Florida,USAMathias Kiwanuka,KiwaMa20,2006,32,1,DE,Boston Col.,NYG,birth,"Indianapolis, IN",Indianapolis,IN,Indiana,USADeMeco Ryans,RyanDe20,2006,33,2,LB,Alabama,HOU,birth,"Bessemer, AL",Bessemer,AL,Alabama,USAD'Qwell Jackson,JackDQ20,2006,34,2,LB,Maryland,CLE,birth,"Largo, FL",Largo,FL,Florida,USARocky McIntosh,McInRo20,2006,35,2,LB,Miami (FL),WAS,birth,"Gaffney, SC",Gaffney,SC,South Carolina,USAChad Jackson,JackCh00,2006,36,2,WR,Florida,NWE,birth,"Birmingham, AL",Birmingham,AL,Alabama,USAJimmy F. Williams,WillJi23,2006,37,2,DB,Virginia Tech,ATL,birth,"Hampton, VA",Hampton,VA,Virginia,USAThomas Howard,HowaTh20,2006,38,2,LB,Texas-El Paso,OAK,birth,"Lubbock, TX",Lubbock,TX,Texas,USAWinston Justice,JustWi20,2006,39,2,T,USC,PHI,birth,"Long Beach, CA",Long Beach,CA,California,USADaniel Bullocks,BullDa20,2006,40,2,DB,Nebraska,DET,birth,"Chattanooga, TN",Chattanooga,TN,Tennessee,USADeuce Lutui,LutuDe20,2006,41,2,G,USC,ARI,birth,"Hai'api, Tonga",Hai'api,,,TongaDanieal Manning,MannDa21,2006,42,2,DB,Abilene Christian,CHI,birth,"Corsicana, TX",Corsicana,TX,Texas,USARoman Harper,HarpRo21,2006,43,2,DB,Alabama,NOR,birth,"Prattville, AL",Prattville,AL,Alabama,USASinorice Moss,MossSi00,2006,44,2,WR,Miami (FL),NYG,birth,"Miami, FL",Miami,FL,Florida,USALenDale White,WhitLe01,2006,45,2,RB,USC,TEN,birth,"Denver, CO",Denver,CO,Colorado,USAJoe Klopfenstein,KlopJo00,2006,46,2,TE,Colorado,STL,birth,"Denver, CO",Denver,CO,Colorado,USADaryn Colledge,CollDa20,2006,47,2,T,Boise St.,GNB,birth,"North Pole, AK",North Pole,AK,Alaska,USACedric Griffin,GrifCe20,2006,48,2,DB,Texas,MIN,birth,"Natchez, MS",Natchez,MS,Mississippi,USAKellen Clemens,ClemKe00,2006,49,2,QB,Oregon,NYJ,birth,"Burns, OR",Burns,OR,Oregon,USAMarcus McNeill,McNeMa20,2006,50,2,T,Auburn,SDG,birth,"Ellenwood, GA",Ellenwood,GA,Georgia,USARyan Cook,CookRy20,2006,51,2,C,New Mexico,MIN,birth,"Albuquerque, NM",Albuquerque,NM,New Mexico,USAGreg Jennings,JennGr00,2006,52,2,WR,West. Michigan,GNB,birth,"Kalamazoo, MI",Kalamazoo,MI,Michigan,USAAnthony Fasano,FasaAn00,2006,53,2,TE,Notre Dame,DAL,birth,"Glen Ridge, NJ",Glen Ridge,NJ,New Jersey,USABernard Pollard,PollBe20,2006,54,2,DB,Purdue,KAN,birth,"Fort Wayne, IN",Fort Wayne,IN,Indiana,USAAndrew Whitworth,WhitAn20,2006,55,2,T,LSU,CIN,birth,"Monroe, LA",Monroe,LA,Louisiana,USAChris Chester,ChesCh21,2006,56,2,G,Oklahoma,BAL,birth,"Tustin, CA",Tustin,CA,California,USADevin Hester,HestDe99,2006,57,2,DB,Miami (FL),CHI,birth,"Riviera Beach, FL",Riviera Beach,FL,Florida,USARichard Marshall,MarsRi20,2006,58,2,DB,Fresno St.,CAR,birth,"Los Angeles, CA",Los Angeles,CA,California,USAJeremy Trueblood,TrueJe20,2006,59,2,T,Boston Col.,TAM,birth,"Indianapolis, IN",Indianapolis,IN,Indiana,USAMaurice Jones-Drew,DrewMa00,2006,60,2,RB,UCLA,JAX,birth,"Pinole, CA",Pinole,CA,California,USATony Scheffler,ScheTo00,2006,61,2,TE,West. Michigan,DEN,birth,"Morenci, MI",Morenci,MI,Michigan,USATim Jennings,JennTi20,2006,62,2,DB,Georgia,IND,birth,"Orangeburg, SC",Orangeburg,SC,South Carolina,USADarryl Tapp,TappDa20,2006,63,2,DE,Virginia Tech,SEA,birth,"Portsmouth, VA",Portsmouth,VA,Virginia,USATarvaris Jackson,JackTa00,2006,64,2,QB,Alabama St.,MIN,birth,"Mongtomery, AL",Mongtomery,AL,Alabama,USAJaMarcus Russell,RussJa00,2007,1,1,QB,LSU,OAK,birth,"Mobile, AL",Mobile,AL,Alabama,USACalvin Johnson,JohnCa00,2007,2,1,WR,Georgia Tech,DET,birth,"Tyrone, GA",Tyrone,GA,Georgia,USAJoe Thomas,ThomJo28,2007,3,1,T,Wisconsin,CLE,birth,"Brookfield, WI",Brookfield,WI,Wisconsin,USAGaines Adams,AdamGa99,2007,4,1,DE,Clemson,TAM,birth,"Greenwood, SC",Greenwood,SC,South Carolina,USALevi Brown,BrowLe20,2007,5,1,T,Penn St.,ARI,birth,"Jacksonville, NC",Jacksonville,NC,North Carolina,USALaRon Landry,LandLa99,2007,6,1,DB,LSU,WAS,birth,"Metairie, LA",Metairie,LA,Louisiana,USAAdrian Peterson,PeteAd01,2007,7,1,RB,Oklahoma,MIN,birth,"Palestine, TX",Palestine,TX,Texas,USAJamaal Anderson,AndeJa98,2007,8,1,DE,Arkansas,ATL,birth,"Little Rock, AR",Little Rock,AR,Arkansas,USATed Ginn Jr.,GinnTe00,2007,9,1,WR,Ohio St.,MIA,birth,"Cleveland, OH",Cleveland,OH,Ohio,USAAmobi Okoye,OkoyAm99,2007,10,1,DT,Louisville,HOU,birth,"Anambra, Nigeria",Anambra,,,NigeriaPatrick Willis,WillPa98,2007,11,1,LB,Mississippi,SFO,birth,"Bruceton, TN",Bruceton,TN,Tennessee,USAMarshawn Lynch,LyncMa00,2007,12,1,RB,California,BUF,birth,"Oakland, CA",Oakland,CA,California,USAAdam Carriker,CarrAd99,2007,13,1,DE,Nebraska,STL,birth,"Hastings, NE",Hastings,NE,Nebraska,USADarrelle Revis,ReviDa99,2007,14,1,DB,Pittsburgh,NYJ,birth,"Aliquippa, PA",Aliquippa,PA,Pennsylvania,USALawrence Timmons,TimmLa99,2007,15,1,LB,Florida St.,PIT,birth,"Florence, SC",Florence,SC,South Carolina,USAJustin Harrell,HarrJu99,2007,16,1,DT,Tennessee,GNB,birth,"Martin, TN",Martin,TN,Tennessee,USAJarvis Moss,MossJa99,2007,17,1,DE,Florida,DEN,birth,"Denton, TX",Denton,TX,Texas,USALeon Hall,HallLe98,2007,18,1,DB,Michigan,CIN,birth,"Vista, CA",Vista,CA,California,USAMichael Griffin,GrifMi99,2007,19,1,DB,Texas,TEN,birth,"Austin, TX",Austin,TX,Texas,USAAaron Ross,RossAa99,2007,20,1,DB,Texas,NYG,birth,"San Antonio, TX",San Antonio,TX,Texas,USAReggie Nelson,NelsRe99,2007,21,1,DB,Florida,JAX,birth,"Melbourne, FL",Melbourne,FL,Florida,USABrady Quinn,QuinBr00,2007,22,1,QB,Notre Dame,CLE,birth,"Columbus, OH",Columbus,OH,Ohio,USADwayne Bowe,BoweDw00,2007,23,1,WR,LSU,KAN,birth,"Miami, FL",Miami,FL,Florida,USABrandon Meriweather,MeriBr99,2007,24,1,DB,Miami (FL),NWE,birth,"Apopka, FL",Apopka,FL,Florida,USAJon Beason,BeasJo99,2007,25,1,LB,Miami (FL),CAR,birth,"Miramar, FL",Miramar,FL,Florida,USAAnthony Spencer,SpenAn99,2007,26,1,DE,Purdue,DAL,birth,"Fort Wayne, IN",Fort Wayne,IN,Indiana,USARobert Meachem,MeacRo00,2007,27,1,WR,Tennessee,NOR,birth,"Tulsa, OK",Tulsa,OK,Oklahoma,USAJoe Staley,StalJo20,2007,28,1,T,Central Michigan,SFO,birth,"Rockford, MI",Rockford,MI,Michigan,USABen Grubbs,GrubBe20,2007,29,1,G,Auburn,BAL,birth,"Columbus, GA",Columbus,GA,Georgia,USACraig Davis,DaviCr00,2007,30,1,WR,LSU,SDG,birth,"New Orleans, LA",New Orleans,LA,Louisiana,USAGreg Olsen,OlseGr00,2007,31,1,TE,Miami (FL),CHI,birth,"Paterson, NJ",Paterson,NJ,New Jersey,USAAnthony Gonzalez,GonzAn00,2007,32,1,WR,Ohio St.,IND,birth,"Cleveland, OH",Cleveland,OH,Ohio,USAAlan Branch,BranAl99,2007,33,2,DT,Michigan,ARI,birth,"Albuquerque, NM",Albuquerque,NM,New Mexico,USAPaul Posluszny,PoluPa99,2007,34,2,LB,Penn St.,BUF,birth,"Butler, PA",Butler,PA,Pennsylvania,USAArron Sears,SearAr20,2007,35,2,G,Tennessee,TAM,birth,"Russellville, AL",Russellville,AL,Alabama,USAKevin Kolb,KolbKe00,2007,36,2,QB,Houston,PHI,birth,"Victoria, TX",Victoria,TX,Texas,USAEric Weddle,WeddEr99,2007,37,2,DB,Utah,SDG,birth,"Fontana, CA",Fontana,CA,California,USAZach Miller,MillZa01,2007,38,2,TE,Arizona St.,OAK,birth,"Tempe, AZ",Tempe,AZ,Arizona,USAJustin Blalock,BlalJu20,2007,39,2,G,Texas,ATL,birth,"Dallas, TX",Dallas,TX,Texas,USAJohn Beck,BeckJo00,2007,40,2,QB,BYU,MIA,birth,"Hayward, CA",Hayward,CA,California,USAChris Houston,HousCh99,2007,41,2,DB,Arkansas,ATL,birth,"Austin, TX",Austin,TX,Texas,USATony Ugoh,UgohTo20,2007,42,2,T,Arkansas,IND,birth,"Houston, TX",Houston,TX,Texas,USADrew Stanton,StanDr00,2007,43,2,QB,Michigan St.,DET,birth,"Okemos, MI",Okemos,MI,Michigan,USASidney Rice,RiceSi01,2007,44,2,WR,South Carolina,MIN,birth,"Gaffney, SC",Gaffney,SC,South Carolina,USADwayne Jarrett,JarrDw00,2007,45,2,WR,USC,CAR,birth,"New Brunswick, NJ",New Brunswick,NJ,New Jersey,USALaMarr Woodley,WoodLa99,2007,46,2,DE,Michigan,PIT,birth,"Saginaw, MI",Saginaw,MI,Michigan,USADavid Harris,HarrDa99,2007,47,2,LB,Michigan,NYJ,birth,"Grand Rapids, MI",Grand Rapids,MI,Michigan,USAJustin Durant,DuraJu99,2007,48,2,LB,Hampton,JAX,birth,"Florence, SC",Florence,SC,South Carolina,USAKenny Irons,IronsKe01,2007,49,2,RB,Auburn,CIN,birth,"Camden, NJ",Camden,NJ,New Jersey,USAChris J. Henry,HenrCh01,2007,50,2,RB,Arizona,TEN,birth,"Oakland, CA",Oakland,CA,California,USASteve Smith,SmitSt02,2007,51,2,WR,USC,NYG,birth,"Anchorage, AK",Anchorage,AK,Alaska,USABrian Leonard,LeonBr00,2007,52,2,RB,Rutgers,STL,birth,"Gouveneur, NY",Gouveneur,NY,New York,USAEric Wright,WrigEr99,2007,53,2,DB,UNLV,CLE,birth,"San Francisco, CA",San Francisco,CA,California,USATurk McBride,McBrTu99,2007,54,2,DT,Tennessee,KAN,birth,"Camden, NJ",Camden,NJ,New Jersey,USAJosh Wilson,WilsJo99,2007,55,2,DB,Maryland,SEA,birth,"Houston, TX",Houston,TX,Texas,USATim Crowder,CrowTi99,2007,56,2,DE,Texas,DEN,birth,"Tyler, TX",Tyler,TX,Texas,USAVictor Abiamiri,AbiaVi99,2007,57,2,DE,Notre Dame,PHI,birth,"Baltimore, MD",Baltimore,MD,Maryland,USAIkaika Alama-Francis,AlamIk99,2007,58,2,DE,Hawaii,DET,birth,"Kane'ohe, HI",Kane'ohe,HI,Hawaii,USARyan Kalil,KaliRy20,2007,59,2,C,USC,CAR,birth,"Corona, CA",Corona,CA,California,USASamson Satele,SateSa20,2007,60,2,C,Hawaii,MIA,birth,"Kailua, HI",Kailua,HI,Hawaii,USAGerald Alexander,AlexGe99,2007,61,2,DB,Boise St.,DET,birth,"Los Angeles, CA",Los Angeles,CA,California,USADan Bazuin,BazuDa01,2007,62,2,DE,Central Michigan,CHI,birth,"McBain, MI",McBain,MI,Michigan,USABrandon Jackson,JackBr00,2007,63,2,RB,Nebraska,GNB,birth,"Detroit, MI",Detroit,MI,Michigan,USASabby Piscitelli,PiscSa99,2007,64,2,LB,Oregon St.,TAM,birth,"Boca Raton, FL",Boca Raton,FL,Florida,USAJake Long,LongJa20,2008,1,1,T,Michigan,MIA,birth,"Detroit, MI",Detroit,MI,Michigan,USAChris Long,LongCh99,2008,2,1,DE,Virginia,STL,birth,"Santa Monica, CA",Santa Monica,CA,California,USAMatt Ryan,RyanMa00,2008,3,1,QB,Boston Col.,ATL,birth,"Exton, PA",Exton,PA,Pennsylvania,USADarren McFadden,McFaDa00,2008,4,1,RB,Arkansas,OAK,birth,"North Little Rock, AR",North Little Rock,AR,Arkansas,USAGlenn Dorsey,DorsGl99,2008,5,1,DT,LSU,KAN,birth,"Baton Rouge, LA",Baton Rouge,LA,Louisiana,USAVernon Gholston,GholVe99,2008,6,1,DE,Ohio St.,NYJ,birth,"Detroit, MI",Detroit,MI,Michigan,USASedrick Ellis,ElliSe99,2008,7,1,DT,USC,NOR,birth,"Los Angeles County, CA",Los Angeles County,CA,California,USADerrick Harvey,HarvDe99,2008,8,1,DE,Florida,JAX,birth,"Greenbelt, MD",Greenbelt,MD,Maryland,USAKeith Rivers,RiveKe99,2008,9,1,LB,USC,CIN,birth,"Riverside, CA",Riverside,CA,California,USAJerod Mayo,MayoJe99,2008,10,1,LB,Tennessee,NWE,birth,"Hampton, VA",Hampton,VA,Virginia,USALeodis McKelvin,McKeLe99,2008,11,1,DB,Troy,BUF,birth,"Waycross, GA",Waycross,GA,Georgia,USARyan Clady,CladRy20,2008,12,1,T,Boise St.,DEN,birth,"Long Beach, CA",Long Beach,CA,California,USAJonathan Stewart,StewJo00,2008,13,1,RB,Oregon,CAR,birth,"Fort Lewis, WA",Fort Lewis,WA,Washington,USAChris Williams,WillCh25,2008,14,1,T,Vanderbilt,CHI,birth,"Baton Rouge, LA",Baton Rouge,LA,Louisiana,USABranden Albert,AlbeBr20,2008,15,1,G,Virginia,KAN,birth,"Rochester, NY",Rochester,NY,New York,USADominique Rodgers-Cromartie,RodgDo99,2008,16,1,DB,Tennessee St.,ARI,birth,"Bradentown, FL",Bradentown,FL,Florida,USAGosder Cherilus,CherGo20,2008,17,1,T,Boston Col.,DET,birth,"Port-au-Prince, Haiti",Port-au-Prince,,,HaitiJoe Flacco,FlacJo00,2008,18,1,QB,Delaware,BAL,birth,"Voorhees, NJ",Voorhees,NJ,New Jersey,USAJeff Otah,OtahJe20,2008,19,1,T,Pittsburgh,CAR,birth,"New Castle, DE",New Castle,DE,Delaware,USAAqib Talib,TaliAq99,2008,20,1,DB,Kansas,TAM,birth,"Cleveland, OH",Cleveland,OH,Ohio,USASam Baker,BakeSa21,2008,21,1,T,USC,ATL,birth,"Tustin, CA",Tustin,CA,California,USAFelix Jones,JoneFe00,2008,22,1,RB,Arkansas,DAL,birth,"Tulsa, OK",Tulsa,OK,Oklahoma,USARashard Mendenhall,MendRa00,2008,23,1,RB,Illinois,PIT,birth,"Skokie, IL",Skokie,IL,Illinois,USAChris Johnson,JohnCh04,2008,24,1,RB,East Carolina,TEN,birth,"Orlando, FL",Orlando,FL,Florida,USAMike Jenkins,JenkMi99,2008,25,1,DB,South Florida,DAL,birth,"Neuenberg, Germany",Neuenberg,,,GermanyDuane Brown,BrowDu20,2008,26,1,T,Virginia Tech,HOU,birth,"Richmond, VA",Richmond,VA,Virginia,USAAntoine Cason,CasoAn99,2008,27,1,DB,Arizona,SDG,birth,"Long Beach, CA",Long Beach,CA,California,USALawrence Jackson,JackLa98,2008,28,1,DE,USC,SEA,birth,"Inglewood, CA",Inglewood,CA,California,USAKentwan Balmer,BalmKe99,2008,29,1,DT,North Carolina,SFO,birth,"Ashoskie, NC",Ashoskie,NC,North Carolina,USADustin Keller,KellDu00,2008,30,1,TE,Purdue,NYJ,birth,"Lafayette, IN",Lafayette,IN,Indiana,USAKenny Phillips,PhilKe99,2008,31,1,DB,Miami (FL),NYG,birth,"Miami, FL",Miami,FL,Florida,USAPhillip Merling,MerlPh99,2008,32,2,DE,Clemson,MIA,birth,"Memphis, TN",Memphis,TN,Tennessee,USADonnie Avery,AverDo00,2008,33,2,WR,Houston,STL,birth,"Houston, TX",Houston,TX,Texas,USADevin Thomas,ThomDe02,2008,34,2,WR,Michigan St.,WAS,birth,"Ann Arbor, MI",Ann Arbor,MI,Michigan,USABrandon Flowers,FlowBr99,2008,35,2,DB,Virginia Tech,KAN,birth,"Delray Beach, FL",Delray Beach,FL,Florida,USAJordy Nelson,NelsJo00,2008,36,2,WR,Kansas St.,GNB,birth,"Manhattan, KS",Manhattan,KS,Kansas,USACurtis Lofton,LoftCu99,2008,37,2,LB,Oklahoma,ATL,birth,"Kingfisher, OK",Kingfisher,OK,Oklahoma,USAJohn Carlson,CarlJo00,2008,38,2,TE,Notre Dame,SEA,birth,"St. Cloud, MN",St. Cloud,MN,Minnesota,USAChilo Rachal,RachCh20,2008,39,2,G,USC,SFO,birth,"Compton, CA",Compton,CA,California,USATracy Porter,PortTr99,2008,40,2,DB,Indiana,NOR,birth,"Port Allen, LA",Port Allen,LA,Louisiana,USAJames Hardy,HardJa00,2008,41,2,WR,Indiana,BUF,birth,"Fort Wayne, IN",Fort Wayne,IN,Indiana,USAEddie Royal,RoyaEd00,2008,42,2,WR,Virginia Tech,DEN,birth,"Alexandria, VA",Alexandria,VA,Virginia,USATyrell Johnson,JohnTy99,2008,43,2,DB,Arkansas St.,MIN,birth,"Rison, AR",Rison,AR,Arkansas,USAMatt Forte,FortMa00,2008,44,2,RB,Tulane,CHI,birth,"Lake Charles, LA",Lake Charles,LA,Louisiana,USAJordon Dizon,DizoJo99,2008,45,2,LB,Colorado,DET,birth,"Kauai, HI",Kauai,HI,Hawaii,USAJerome Simpson,SimpJe00,2008,46,2,WR,Coastal Carolina,CIN,birth,"Reidsville, NC",Reidsville,NC,North Carolina,USATrevor Laws,LawsTr99,2008,47,2,DT,Notre Dame,PHI,birth,"Dayton, OH",Dayton,OH,Ohio,USAFred Davis,DaviFr01,2008,48,2,TE,USC,WAS,birth,"Toledo, OH",Toledo,OH,Ohio,USADeSean Jackson,JackDe00,2008,49,2,WR,California,PHI,birth,"Long Beach, CA",Long Beach,CA,California,USACalais Campbell,CampCa99,2008,50,2,DE,Miami (FL),ARI,birth,"Denver, CO",Denver,CO,Colorado,USAMalcolm Kelly,KellMa01,2008,51,2,WR,Oklahoma,WAS,birth,"Longview, TX",Longview,TX,Texas,USAQuentin Groves,GrovQu99,2008,52,2,DE,Auburn,JAX,birth,"Greenville, MS",Greenville,MS,Mississippi,USALimas Sweed,SweeLi00,2008,53,2,WR,Texas,PIT,birth,"Grimes County, TX",Grimes County,TX,Texas,USAJason Jones,JoneJa99,2008,54,2,DE,East. Michigan,TEN,birth,"Detroit, MI",Detroit,MI,Michigan,USARay Rice,RiceRa00,2008,55,2,RB,Rutgers,BAL,birth,"New Rochelle, NY",New Rochelle,NY,New York,USABrian Brohm,BrohBr00,2008,56,2,QB,Louisville,GNB,birth,"Louisville, KY",Louisville,KY,Kentucky,USAChad Henne,HennCh01,2008,57,2,QB,Michigan,MIA,birth,"West Lawn, PA",West Lawn,PA,Pennsylvania,USADexter Jackson,JackDe01,2008,58,2,WR,Appalachian St.,TAM,birth,"Dunwoody, GA",Dunwoody,GA,Georgia,USAMike Pollak,PollMi20,2008,59,2,T,Arizona St.,IND,birth,"Scottsdale, AZ",Scottsdale,AZ,Arizona,USAPatrick Lee,LeexPa99,2008,60,2,DB,Auburn,GNB,birth,"Miami, FL",Miami,FL,Florida,USAMartellus Bennett,BennMa00,2008,61,2,TE,Texas A&M,DAL,birth,"San Diego County, TX",San Diego County,TX,Texas,USATerrence Wheatley,WheaTe99,2008,62,2,DB,Colorado,NWE,birth,"Walnut Creek, CA",Walnut Creek,CA,California,USATerrell Thomas,ThomTe99,2008,63,2,DB,USC,NYG,birth,"Los Angeles County, CA",Los Angeles County,CA,California,USAMatthew Stafford,StafMa00,2009,1,1,QB,Georgia,DET,birth,"Tampa, FL",Tampa,FL,Florida,USAJason Smith,SmitJa22,2009,2,1,T,Baylor,STL,birth,"Dallas, TX",Dallas,TX,Texas,USATyson Jackson,JackTy98,2009,3,1,DE,LSU,KAN,birth,"New Orleans, LA",New Orleans,LA,Louisiana,USAAaron Curry,CurrAa99,2009,4,1,LB,Wake Forest,SEA,birth,"Fayetteville, NC",Fayetteville,NC,North Carolina,USAMark Sanchez,SancMa00,2009,5,1,QB,USC,NYJ,birth,"Long Beach, CA",Long Beach,CA,California,USAAndre Smith,SmitAn23,2009,6,1,T,Alabama,CIN,birth,"Birmingham, AL",Birmingham,AL,Alabama,USADarrius Heyward-Bey,HeywDa00,2009,7,1,WR,Maryland,OAK,birth,"Silver Spring, MD",Silver Spring,MD,Maryland,USAEugene Monroe,MonrEu20,2009,8,1,T,Virginia,JAX,birth,"Plainfiled, NJ",Plainfiled,NJ,New Jersey,USAB.J. Raji,RajiBJ99,2009,9,1,DT,Boston Col.,GNB,birth,"New York, NY",New York,NY,New York,USAMichael Crabtree,CrabMi00,2009,10,1,WR,Texas Tech,SFO,birth,"Dallas, TX",Dallas,TX,Texas,USAAaron Maybin,MaybAa99,2009,11,1,DE,Penn St.,BUF,birth,"Baltimore, MD",Baltimore,MD,Maryland,USAKnowshon Moreno,MoreKn00,2009,12,1,RB,Georgia,DEN,birth,"Belford, NJ",Belford,NJ,New Jersey,USABrian Orakpo,OrakBr99,2009,13,1,LB,Texas,WAS,birth,"Houston, TX",Houston,TX,Texas,USAMalcolm Jenkins,JenkMa99,2009,14,1,DB,Ohio St.,NOR,birth,"Piscataway, NJ",Piscataway,NJ,New Jersey,USABrian Cushing,CushBr99,2009,15,1,LB,USC,HOU,birth,"Park Ridge, NJ",Park Ridge,NJ,New Jersey,USALarry English,EnglLa99,2009,16,1,LB,Northern Illinois,SDG,birth,"Aurora, IL",Aurora,IL,Illinois,USAJosh Freeman,FreeJo00,2009,17,1,QB,Kansas St.,TAM,birth,"Kansas City, MO",Kansas City,MO,Missouri,USARobert Ayers,AyerRo99,2009,18,1,DE,Tennessee,DEN,birth,"Clio, SC",Clio,SC,South Carolina,USAJeremy Maclin,MaclJe00,2009,19,1,WR,Missouri,PHI,birth,"Chesterfield, MO",Chesterfield,MO,Missouri,USABrandon Pettigrew,PettBr00,2009,20,1,TE,Oklahoma St.,DET,birth,"Tyler, TX",Tyler,TX,Texas,USAAlex Mack,MackAl20,2009,21,1,C,California,CLE,birth,"Los Angeles, CA",Los Angeles,CA,California,USAPercy Harvin,HarvPe00,2009,22,1,WR,Florida,MIN,birth,"Chesapeake, VA",Chesapeake,VA,Virginia,USAMichael Oher,OherMi20,2009,23,1,T,Mississippi,BAL,birth,"Memphis, TN",Memphis,TN,Tennessee,USAPeria Jerry,JerrPe99,2009,24,1,DT,Mississippi,ATL,birth,"Memphis, TN",Memphis,TN,Tennessee,USAVontae Davis,DaviVo99,2009,25,1,DB,Illinois,MIA,birth,"Washington, DC",Washington,DC,District of Columbia,USAClay Matthews,MattCl99,2009,26,1,LB,USC,GNB,birth,"Los Angeles, CA",Los Angeles,CA,California,USADonald Brown,BrowDo00,2009,27,1,RB,Connecticut,IND,birth,"Atlantic Highlands, NJ",Atlantic Highlands,NJ,New Jersey,USAEric Wood,WoodEr20,2009,28,1,C,Louisville,BUF,birth,"Cincinnati, OH",Cincinnati,OH,Ohio,USAHakeem Nicks,NickHa01,2009,29,1,WR,North Carolina,NYG,birth,"Charlotte, NC",Charlotte,NC,North Carolina,USAKenny Britt,BritKe00,2009,30,1,WR,Rutgers,TEN,birth,"Bayonne, NJ",Bayonne,NJ,New Jersey,USAChris Wells,WellCh00,2009,31,1,RB,Ohio St.,ARI,birth,"Akron, OH",Akron,OH,Ohio,USAEvander Hood,HoodEv99,2009,32,1,DE,Missouri,PIT,birth,"Amarillo, TX",Amarillo,TX,Texas,USALouis Delmas,DelmLo99,2009,33,2,DB,West. Michigan,DET,birth,"Fort Pierce, FL",Fort Pierce,FL,Florida,USAPatrick Chung,ChunPa99,2009,34,2,DB,Oregon,NWE,birth,"Kingston, Jamaica",Kingston,,,JamaicaJames Laurinaitis,LaurJa99,2009,35,2,LB,Ohio St.,STL,birth,"Hamel, MN",Hamel,MN,Minnesota,USABrian Robiskie,RobiBr00,2009,36,2,WR,Ohio St.,CLE,birth,"Los Angeles, CA",Los Angeles,CA,California,USAAlphonso Smith,SmitAl98,2009,37,2,DB,Wake Forest,DEN,birth,"Pahokee, FL",Pahokee,FL,Florida,USARey Maualuga,MauaRe99,2009,38,2,LB,USC,CIN,birth,"Fort Sill, OK",Fort Sill,OK,Oklahoma,USAEben Britton,BritEb20,2009,39,2,T,Arizona,JAX,birth,"New York, NY",New York,NY,New York,USARon Brace,BracRo99,2009,40,2,DT,Boston Col.,NWE,birth,"Springfield, MA",Springfield,MA,Massachusetts,USADarius Butler,ButlDa99,2009,41,2,DB,Connecticut,NWE,birth,"Tamarac, FL",Tamarac,FL,Florida,USAJairus Byrd,ByrdJa99,2009,42,2,DB,Oregon,BUF,birth,"San Diego, CA",San Diego,CA,California,USAEverette Brown,BrowEv99,2009,43,2,DE,Florida St.,CAR,birth,"Greenville, NC",Greenville,NC,North Carolina,USAPat White,WhitPa01,2009,44,2,QB,West Virginia,MIA,birth,"Mobile, AL",Mobile,AL,Alabama,USAClint Sintim,SintCl99,2009,45,2,LB,Virginia,NYG,birth,"Fairfax County, VA",Fairfax County,VA,Virginia,USAConnor Barwin,BarwCo99,2009,46,2,DE,Cincinnati,HOU,birth,"Southfield, MI",Southfield,MI,Michigan,USAMichael Mitchell,MitcMi99,2009,47,2,DB,Ohio,OAK,birth,"Fort Thomas, KY",Fort Thomas,KY,Kentucky,USADarcel McBath,McBaDa99,2009,48,2,DB,Texas Tech,DEN,birth,"Gainesville, TX",Gainesville,TX,Texas,USAMax Unger,UngeMa20,2009,49,2,C,Oregon,SEA,birth,"Kailua-Kona, HI",Kailua-Kona,HI,Hawaii,USAMohamed Massaquoi,MassMo00,2009,50,2,WR,Georgia,CLE,birth,"Charlotte, NC",Charlotte,NC,North Carolina,USAAndy Levitre,LeviAn20,2009,51,2,G,Oregon St.,BUF,birth,"Los Gatos, CA",Los Gatos,CA,California,USADavid Veikune,VeikDa99,2009,52,2,LB,Hawaii,CLE,birth,"Anchorage, AK",Anchorage,AK,Alaska,USALeSean McCoy,McCoLe01,2009,53,2,RB,Pittsburgh,PHI,birth,"Harrisburg, PA",Harrisburg,PA,Pennsylvania,USAPhil Loadholt,LoadPh20,2009,54,2,T,Oklahoma,MIN,birth,"Honolulu, HI",Honolulu,HI,Hawaii,USAWilliam Moore,MoorWi99,2009,55,2,DB,Missouri,ATL,birth,"Hayti, MO",Hayti,MO,Missouri,USAFili Moala,MoalFi99,2009,56,2,DT,USC,IND,birth,"Buena Park, CA",Buena Park,CA,California,USAPaul Kruger,KrugPa99,2009,57,2,DE,Utah,BAL,birth,"Rexburg, ID",Rexburg,ID,Idaho,USASebastian Vollmer,VollSe20,2009,58,2,T,Houston,NWE,birth,"Dusseldorf, Germany",Dusseldorf,,,GermanySherrod Martin,MartSh99,2009,59,2,DB,Troy,CAR,birth,"Griffin, GA",Griffin,GA,Georgia,USAWilliam Beatty,BeatWi20,2009,60,2,T,Connecticut,NYG,birth,"York, PA",York,PA,Pennsylvania,USASean Smith,SmitSe99,2009,61,2,DB,Utah,MIA,birth,"Pasadena, CA",Pasadena,CA,California,USASenDerrick Marks,MarkSe99,2009,62,2,DT,Auburn,TEN,birth,"Mobile, AL",Mobile,AL,Alabama,USACody Brown,BrowCo96,2009,63,2,LB,Connecticut,ARI,birth,"Coral Springs, FL",Coral Springs,FL,Florida,USARichard Quinn,QuinRi00,2009,64,2,TE,North Carolina,DEN,birth,"Huntsville, AL",Huntsville,AL,Alabama,USASam Bradford,BradSa00,2010,1,1,QB,Oklahoma,STL,birth,"Oklahoma City, OK",Oklahoma City,OK,Oklahoma,USANdamukong Suh,SuhxNd99,2010,2,1,DT,Nebraska,DET,birth,"Portland, OR",Portland,OR,Oregon,USAGerald McCoy,McCoGe99,2010,3,1,DT,Oklahoma,TAM,birth,"Oklahoma City, OK",Oklahoma City,OK,Oklahoma,USATrent Williams,WillTr21,2010,4,1,T,Oklahoma,WAS,birth,"Longview, TX",Longview,TX,Texas,USAEric Berry,BerrEr99,2010,5,1,DB,Tennessee,KAN,birth,"Fairburn, GA",Fairburn,GA,Georgia,USARussell Okung,OkunRu20,2010,6,1,T,Oklahoma St.,SEA,birth,"Fort Bend, TX",Fort Bend,TX,Texas,USAJoe Haden,HadeJo99,2010,7,1,DB,Florida,CLE,birth,"Fort Washington, MD",Fort Washington,MD,Maryland,USARolando McClain,McClRo00,2010,8,1,LB,Alabama,OAK,birth,"Decatur, AL",Decatur,AL,Alabama,USAC.J. Spiller,SpilC.00,2010,9,1,RB,Clemson,BUF,birth,"Lake Butler, FL",Lake Butler,FL,Florida,USATyson Alualu,AluaTy99,2010,10,1,DT,California,JAX,birth,"Honolulu, HI",Honolulu,HI,Hawaii,USAAnthony Davis,DaviAn27,2010,11,1,T,Rutgers,SFO,birth,"Piscataway, NJ",Piscataway,NJ,New Jersey,USARyan Mathews,MathRy00,2010,12,1,RB,Fresno St.,SDG,birth,"Bakersfield, CA",Bakersfield,CA,California,USABrandon Graham,GrahBr99,2010,13,1,DE,Michigan,PHI,birth,"Detroit, MI",Detroit,MI,Michigan,USAEarl Thomas,ThomEa99,2010,14,1,DB,Texas,SEA,birth,"Orange, TX",Orange,TX,Texas,USAJason Pierre-Paul,PierJa99,2010,15,1,DE,South Florida,NYG,birth,"Deerfield Beach, FL",Deerfield Beach,FL,Florida,USADerrick Morgan,MorgDe99,2010,16,1,DE,Georgia Tech,TEN,birth,"Coatesville, PA",Coatesville,PA,Pennsylvania,USAMike Iupati,IupaMi20,2010,17,1,G,Idaho,SFO,birth,"Pago Pago, American Samoa",Pago Pago,,,American SamoaMaurkice Pouncey,PounMa20,2010,18,1,C,Florida,PIT,birth,"Lakeland, FL",Lakeland,FL,Florida,USASean Weatherspoon,WeatSe99,2010,19,1,LB,Missouri,ATL,birth,"Jasper, TX",Jasper,TX,Texas,USAKareem Jackson,JackKa99,2010,20,1,DB,Alabama,HOU,birth,"Macon, GA",Macon,GA,Georgia,USAJermaine Gresham,GresJe00,2010,21,1,TE,Oklahoma,CIN,birth,"Ardmore, OK",Ardmore,OK,Oklahoma,USADemaryius Thomas,ThomDe03,2010,22,1,WR,Georgia Tech,DEN,birth,"Montrose, GA",Montrose,GA,Georgia,USABryan Bulaga,BulaBr20,2010,23,1,T,Iowa,GNB,birth,"Barrington, IL",Barrington,IL,Illinois,USADez Bryant,BryaDe01,2010,24,1,WR,Oklahoma St.,DAL,birth,"Lufkin, TX",Lufkin,TX,Texas,USATim Tebow,TeboTi00,2010,25,1,QB,Florida,DEN,birth,"Makati City, Philippines",Makati City,,,PhilippinesDan Williams,WillDa99,2010,26,1,DT,Tennessee,ARI,birth,"Memphis, TN",Memphis,TN,Tennessee,USADevin McCourty,McCoDe99,2010,27,1,DB,Rutgers,NWE,birth,"Nanuet, NY",Nanuet,NY,New York,USAJared Odrick,OdriJa99,2010,28,1,DE,Penn St.,MIA,birth,"Lancaster, PA",Lancaster,PA,Pennsylvania,USAKyle Wilson,WilsKy99,2010,29,1,DB,Boise St.,NYJ,birth,"Piscataway, NJ",Piscataway,NJ,New Jersey,USAJahvid Best,BestJa00,2010,30,1,RB,California,DET,birth,"Vallejo, CA",Vallejo,CA,California,USAJerry Hughes,HughJe99,2010,31,1,DE,TCU,IND,birth,"Sugar Land, TX",Sugar Land,TX,Texas,USAPatrick Robinson,RobiPa99,2010,32,1,DB,Florida St.,NOR,birth,"Miami, FL",Miami,FL,Florida,USARodger Saffold,SaffRo20,2010,33,2,T,Indiana,STL,birth,"Bedford, OR",Bedford,OR,Oregon,USAChris Cook,CookCh99,2010,34,2,DB,Virginia,MIN,birth,"Lynchburg, VA",Lynchburg,VA,Virginia,USABrian Price,PricBr99,2010,35,2,DT,UCLA,TAM,birth,"Los Angeles, CA",Los Angeles,CA,California,USADexter McCluster,McClDe00,2010,36,2,WR,Mississippi,KAN,birth,"Largo, FL",Largo,FL,Florida,USANate Allen,AlleNa99,2010,37,2,DB,South Florida,PHI,birth,"Fort Myers, FL",Fort Myers,FL,Florida,USAT.J. Ward,WardT.99,2010,38,2,DB,Oregon,CLE,birth,"San Francisco, CA",San Francisco,CA,California,USAArrelious Benn,BennAr00,2010,39,2,WR,Illinois,TAM,birth,"Washington, DC",Washington,DC,District of Columbia,USAKoa Misi,MisiKo99,2010,40,2,LB,Utah,MIA,birth,"Santa Rosa, CA",Santa Rosa,CA,California,USATorell Troup,TrouTo00,2010,41,2,DT,Central Florida,BUF,birth,"Conyers, GA",Conyers,GA,Georgia,USARob Gronkowski,GronRo00,2010,42,2,TE,Arizona,NWE,birth,"Amherst, NY",Amherst,NY,New York,USASergio Kindle,KindSe99,2010,43,2,LB,Texas,BAL,birth,"Los Angeles, CA",Los Angeles,CA,California,USALamarr Houston,HousLa99,2010,44,2,DE,Texas,OAK,birth,"San Francisco, CA",San Francisco,CA,California,USAZane Beadles,BeadZa20,2010,45,2,G,Utah,DEN,birth,"Casper, WY",Casper,WY,Wyoming,USALinval Joseph,JoseLi99,2010,46,2,DT,East Carolina,NYG,birth,"St. Croix, U.S. Virgin Islands",St. Croix,,,U.S. Virgin IslandsDaryl Washington,WashDa99,2010,47,2,LB,TCU,ARI,birth,"Dallas, TX",Dallas,TX,Texas,USAJimmy Clausen,ClauJi00,2010,48,2,QB,Notre Dame,CAR,birth,"Thousand Oaks, CA",Thousand Oaks,CA,California,USATaylor Mays,MaysTa99,2010,49,2,DB,USC,SFO,birth,"Seattle, WA",Seattle,WA,Washington,USAJavier Arenas,ArenJa99,2010,50,2,DB,Alabama,KAN,birth,"Tampa, FL",Tampa,FL,Florida,USAToby Gerhart,GerhTo00,2010,51,2,RB,Stanford,MIN,birth,"Norco, CA",Norco,CA,California,USAJason Worilds,WoriJa99,2010,52,2,DE,Virginia Tech,PIT,birth,"Rahway, NJ",Rahway,NJ,New Jersey,USAJermaine Cunningham,CunnJe99,2010,53,2,LB,Florida,NWE,birth,"New York, NY",New York,NY,New York,USACarlos Dunlap,DunlCa99,2010,54,2,DE,Florida,CIN,birth,"North Charleston, SC",North Charleston,SC,South Carolina,USASean Lee,LeexSe99,2010,55,2,LB,Penn St.,DAL,birth,"Pittsburgh, PA",Pittsburgh,PA,Pennsylvania,USAMike Neal,NealMi99,2010,56,2,DE,Purdue,GNB,birth,"Gary, IN",Gary,IN,Indiana,USATerrence Cody,CodyTe99,2010,57,2,DT,Alabama,BAL,birth,"Fort Myers, FL",Fort Myers,FL,Florida,USABen Tate,TateBe00,2010,58,2,RB,Auburn,HOU,birth,"Woodbridge, VA",Woodbridge,VA,Virginia,USAMontario Hardesty,HardMo00,2010,59,2,RB,Tennessee,CLE,birth,"New Bern, NC",New Bern,NC,North Carolina,USAGolden Tate,TateGo00,2010,60,2,WR,Notre Dame,SEA,birth,"Hendersonville, TN",Hendersonville,TN,Tennessee,USAVlad Ducasse,DucaVl20,2010,61,2,T,Massachusetts,NYJ,birth,"Port-au-Prince, Haiti",Port-au-Prince,,,HaitiBrandon Spikes,SpikBr99,2010,62,2,LB,Florida,NWE,birth,"Shelby, NC",Shelby,NC,North Carolina,USAPat Angerer,AngePa99,2010,63,2,LB,Iowa,IND,birth,"Bettendorf, IA",Bettendorf,IA,Iowa,USACharles Brown,BrowCh28,2010,64,2,T,USC,NOR,birth,"Chino Hills, CA",Chino Hills,CA,California,USACam Newton,NewtCa00,2011,1,1,QB,Auburn,CAR,birth,"Atlanta, GA",Atlanta,GA,Georgia,USAVon Miller,MillVo00,2011,2,1,LB,Texas A&M,DEN,birth,"Dallas, TX",Dallas,TX,Texas,USAMarcell Dareus,DareMa00,2011,3,1,DT,Alabama,BUF,birth,"Birmingham, AL",Birmingham,AL,Alabama,USAA.J. Green,GreeA.00,2011,4,1,WR,Georgia,CIN,birth,"Summerville, SC",Summerville,SC,South Carolina,USAPatrick Peterson,PetePa00,2011,5,1,CB,LSU,ARI,birth,"Fort Lauderdale, FL",Fort Lauderdale,FL,Florida,USAJulio Jones,JoneJu02,2011,6,1,WR,Alabama,ATL,birth,"Foley, AL",Foley,AL,Alabama,USAAldon Smith,SmitAl04,2011,7,1,DE,Missouri,SFO,birth,"Greenwood, MS",Greenwood,MS,Mississippi,USAJake Locker,LockJa00,2011,8,1,QB,Washington,TEN,birth,"Bellingham, WA",Bellingham,WA,Washington,USATyron Smith,SmitTy00,2011,9,1,T,USC,DAL,birth,"Moreno Valley, CA",Moreno Valley,CA,California,USABlaine Gabbert,GabbBl00,2011,10,1,QB,Missouri,JAX,birth,"Ballwin, MO",Ballwin,MO,Missouri,USAJ.J. Watt,WattJ.00,2011,11,1,DE,Central Michigan,HOU,birth,"Waukesha, WI",Waukesha,WI,Wisconsin,USAChristian Ponder,PondCh00,2011,12,1,QB,Florida St.,MIN,birth,"Dallas, TX",Dallas,TX,Texas,USANick Fairley,FairNi00,2011,13,1,DT,Auburn,DET,birth,"Mobile, AL",Mobile,AL,Alabama,USARobert Quinn,QuinRo00,2011,14,1,DE,North Carolina,STL,birth,"Ladson, SC",Ladson,SC,South Carolina,USAMike Pouncey,PounMi00,2011,15,1,OL,Florida,MIA,birth,"Bartow, FL",Bartow,FL,Florida,USARyan Kerrigan,KerrRy00,2011,16,1,DE,Purdue,WAS,birth,"Muncie, IN",Muncie,IN,Indiana,USANate Solder,SoldNa00,2011,17,1,OL,Colorado,NWE,birth,"Denver, CO",Denver,CO,Colorado,USACorey Liuget,LiugCo00,2011,18,1,DT,Illinois,SDG,birth,"Miami, FL",Miami,FL,Florida,USAPrince Amukamara,AmukPr00,2011,19,1,CB,Nebraska,NYG,birth,"Leominster, MA",Leominster,MA,Massachusetts,USAAdrian Clayborn,ClayAd00,2011,20,1,DL,Iowa,TAM,birth,"St. Louis, MO",St. Louis,MO,Missouri,USAPhil Taylor,TaylPh00,2011,21,1,DL,Baylor,CLE,birth,"Clinton, MD",Clinton,MD,Maryland,USAAnthony Castonzo,CastAn00,2011,22,1,OL,Boston Col.,IND,birth,"Des Plaines, IL",Des Plaines,IL,Illinois,USADanny Watkins,WatkDa00,2011,23,1,OL,Baylor,PHI,birth,"Kelowna, Canada",Kelowna,,,CanadaCameron Jordan,JordCa00,2011,24,1,DE,California,NOR,birth,"Chandler, AZ",Chandler,AZ,Arizona,USAJames Carpenter,CarpJa00,2011,25,1,OL,Alabama,SEA,birth,"Augusta, GA",Augusta,GA,Georgia,USAJonathan Baldwin,BaldJo00,2011,26,1,WR,Pittsburgh,KAN,birth,"Aliquippa, PA",Aliquippa,PA,Pennsylvania,USAJimmy Smith,SmitJi03,2011,27,1,CB,Colorado,BAL,birth,"Norristown, PA",Norristown,PA,Pennsylvania,USAMark Ingram,IngrMa01,2011,28,1,RB,Alabama,NOR,birth,"Hackensack, NJ",Hackensack,NJ,New Jersey,USAGabe Carimi,CariGa00,2011,29,1,OL,Wisconsin,CHI,birth,"Cottage Grove, WI",Cottage Grove,WI,Wisconsin,USAMuhammad Wilkerson,WilkMu00,2011,30,1,DT,Temple,NYJ,birth,"Linden, NJ",Linden,NJ,New Jersey,USACameron Heyward,HeywCa01,2011,31,1,DT,Ohio St.,PIT,birth,"Pittsburgh, PA",Pittsburgh,PA,Pennsylvania,USADerek Sherrod,SherDe00,2011,32,1,OL,Mississippi St.,GNB,birth,"Chula Vista, CA",Chula Vista,CA,California,USARas-I Dowling,DowlRa00,2011,33,2,DB,Virginia,NWE,birth,"Chesapeake, VA",Chesapeake,VA,Virginia,USAAaron Williams,WillAa00,2011,34,2,DB,Texas,BUF,birth,"San Jose, CA",San Jose,CA,California,USAAndy Dalton,DaltAn00,2011,35,2,QB,TCU,CIN,birth,"Katy, TX",Katy,TX,Texas,USAColin Kaepernick,KaepCo00,2011,36,2,QB,Nevada-Reno,SFO,birth,"Milwaukee, WI",Milwaukee,WI,Wisconsin,USAJabaal Sheard,SheaJa00,2011,37,2,DL,Pittsburgh,CLE,birth,"Los Angeles, CA",Los Angeles,CA,California,USARyan Williams,WillRy00,2011,38,2,RB,Virginia Tech,ARI,birth,"Cold Spring, NY",Cold Spring,NY,New York,USAAkeem Ayers,AyerAk00,2011,39,2,LB,UCLA,TEN,birth,"Los Angeles, CA",Los Angeles,CA,California,USABruce Carter,CartBr00,2011,40,2,LB,North Carolina,DAL,birth,"Havelock, NC",Havelock,NC,North Carolina,USAJarvis Jenkins,JenkJa01,2011,41,2,DL,Clemson,WAS,birth,"Clemson, SC",Clemson,SC,South Carolina,USABrooks Reed,ReedBr00,2011,42,2,DL,Arizona,HOU,birth,"Tucson, AZ",Tucson,AZ,Arizona,USAKyle Rudolph,RudoKy00,2011,43,2,TE,Notre Dame,MIN,birth,"Cincinnati, OH",Cincinnati,OH,Ohio,USATitus Young,YounTi00,2011,44,2,WR,Boise St.,DET,birth,"Los Angeles, CA",Los Angeles,CA,California,USARahim Moore,MoorRa00,2011,45,2,FS,UCLA,DEN,birth,"Los Angeles, CA",Los Angeles,CA,California,USAOrlando Franklin,FranOr00,2011,46,2,OL,Miami (FL),DEN,birth,"Kingston, Jamaica",Kingston,,,JamaicaLance Kendricks,KendLa00,2011,47,2,TE,Wisconsin,STL,birth,"Milwaukee, WI",Milwaukee,WI,Wisconsin,USAStefen Wisniewski,WisnSt01,2011,48,2,OL,Penn St.,OAK,birth,"Pittsburgh, PA",Pittsburgh,PA,Pennsylvania,USABen Ijalana,IjalBe00,2011,49,2,OL,Villanova,IND,birth,"New Brunswick, NJ",New Brunswick,NJ,New Jersey,USAMarcus Gilchrist,GilcMa00,2011,50,2,DB,Clemson,SDG,birth,"High Point, NC",High Point,NC,North Carolina,USADa'Quan Bowers,BoweDa00,2011,51,2,DE,Clemson,TAM,birth,"Bamberg, SC",Bamberg,SC,South Carolina,USAMarvin Austin,AustMa00,2011,52,2,DL,North Carolina,NYG,birth,"Washington, DC",Washington,DC,District of Columbia,USAStephen Paea,PaeaSt00,2011,53,2,DT,Oregon St.,CHI,birth,"Auckland, New Zealand",Auckland,,,New ZealandJaiquawn Jarrett,JarrJa00,2011,54,2,DB,Temple,PHI,birth,"Brooklyn, NY",Brooklyn,NY,New York,USARodney Hudson,HudsRo00,2011,55,2,OL,Florida St.,KAN,birth,"Mobile, AL",Mobile,AL,Alabama,USAShane Vereen,VereSh00,2011,56,2,RB,California,NWE,birth,"Valencia, CA",Valencia,CA,California,USAMikel Leshoure,LeshMi00,2011,57,2,RB,Illinois,DET,birth,"Streator, IL",Streator,IL,Illinois,USATorrey Smith,SmitTo02,2011,58,2,WR,Maryland,BAL,birth,"Colonial Beach, VA",Colonial Beach,VA,Virginia,USAGreg Little,LittGr00,2011,59,2,WR,North Carolina,CLE,birth,"Durham, NC",Durham,NC,North Carolina,USABrandon Harris,HarrBr00,2011,60,2,DB,Miami (FL),HOU,birth,"Miami, FL",Miami,FL,Florida,USAJonas Mouton,MoutJo00,2011,61,2,LB,Michigan,SDG,birth,"Kaplan, LA",Kaplan,LA,Louisiana,USADaniel Thomas,ThomDa03,2011,62,2,RB,Kansas St.,MIA,birth,"Hilliard, FL",Hilliard,FL,Florida,USAMarcus Gilbert,GilbMa00,2011,63,2,OL,Florida,PIT,birth,"Fort Lauderdale, FL",Fort Lauderdale,FL,Florida,USARandall Cobb,CobbRa00,2011,64,2,WR,Kentucky,GNB,birth,"Maryville, TN",Maryville,TN,Tennessee,USAAndrew Luck,LuckAn00,2012,1,1,QB,Stanford,IND,birth,"Washington, DC",Washington,DC,District of Columbia,USARobert Griffin III,GrifRo01,2012,2,1,QB,Baylor,WAS,birth,"Okinawa, Japan",Okinawa,,,JapanTrent Richardson,RichTr00,2012,3,1,RB,Alabama,CLE,birth,"Pensacola, FL",Pensacola,FL,Florida,USAMatt Kalil,KaliMa00,2012,4,1,T,USC,MIN,birth,"Corona, CA",Corona,CA,California,USAJustin Blackmon,BlacJu00,2012,5,1,WR,Oklahoma St.,JAX,birth,"Oceanside, CA",Oceanside,CA,California,USAMorris Claiborne,ClaiMo00,2012,6,1,CB,LSU,DAL,birth,"Shreveport, LA",Shreveport,LA,Louisiana,USAMark Barron,BarrMa00,2012,7,1,SS,Alabama,TAM,birth,"Mobile, AL",Mobile,AL,Alabama,USARyan Tannehill,TannRy00,2012,8,1,QB,Texas A&M,MIA,birth,"Lubbock, TX",Lubbock,TX,Texas,USALuke Kuechly,KuecLu00,2012,9,1,ILB,Boston Col.,CAR,birth,"Cincinnati, OH",Cincinnati,OH,Ohio,USAStephon Gilmore,GilmSt00,2012,10,1,CB,South Carolina,BUF,birth,"Rock Hill, SC",Rock Hill,SC,South Carolina,USADontari Poe,PoexDo00,2012,11,1,DT,Memphis,KAN,birth,"Memphis, TN",Memphis,TN,Tennessee,USAFletcher Cox,CoxxFl00,2012,12,1,DT,Mississippi St.,PHI,birth,"Yazoo City, MS",Yazoo City,MS,Mississippi,USAMichael Floyd,FloyMi00,2012,13,1,WR,Notre Dame,ARI,birth,"Saint Paul, MN",Saint Paul,MN,Minnesota,USAMichael Brockers,BrocMi00,2012,14,1,DT,LSU,STL,birth,"Houston, TX",Houston,TX,Texas,USABruce Irvin,IrviBr00,2012,15,1,DE,West Virginia,SEA,birth,"Atlanta, GA",Atlanta,GA,Georgia,USAQuinton Coples,CoplQu00,2012,16,1,DE,North Carolina,NYJ,birth,"Kinston, NC",Kinston,NC,North Carolina,USADre Kirkpatrick,KirkDr00,2012,17,1,CB,Alabama,CIN,birth,"Gadsden, AL",Gadsden,AL,Alabama,USAMelvin Ingram,IngrMe00,2012,18,1,DE,South Carolina,SDG,birth,"Hamlet, NC",Hamlet,NC,North Carolina,USAShea McClellin,McClSh00,2012,19,1,DE,Boise St.,CHI,birth,"Caldwell, ID",Caldwell,ID,Idaho,USAKendall Wright,WrigKe01,2012,20,1,WR,Baylor,TEN,birth,"Mount Pleasant, TX",Mount Pleasant,TX,Texas,USAChandler Jones,JoneCh03,2012,21,1,DE,Syracuse,NWE,birth,"Rochester, NY",Rochester,NY,New York,USABrandon Weeden,WeedBr00,2012,22,1,QB,Oklahoma St.,CLE,birth,"Oklahoma City, OK",Oklahoma City,OK,Oklahoma,USARiley Reiff,ReifRi00,2012,23,1,T,Iowa,DET,birth,"Parkston, SD",Parkston,SD,South Dakota,USADavid DeCastro,DeCaDa00,2012,24,1,G,Stanford,PIT,birth,"Bellevue, WA",Bellevue,WA,Washington,USADont'a Hightower,HighDo01,2012,25,1,ILB,Alabama,NWE,birth,"Lewisburg, TN",Lewisburg,TN,Tennessee,USAWhitney Mercilus,MercWh00,2012,26,1,DE,Illinois,HOU,birth,"Akron, OH",Akron,OH,Ohio,USAKevin Zeitler,ZeitKe00,2012,27,1,G,Wisconsin,CIN,birth,"Waukesha, WI",Waukesha,WI,Wisconsin,USANick Perry,PerrNi00,2012,28,1,DE,USC,GNB,birth,"Detroit, MI",Detroit,MI,Michigan,USAHarrison Smith,SmitHa00,2012,29,1,FS,Notre Dame,MIN,birth,"Knoxville, TN",Knoxville,TN,Tennessee,USAA.J. Jenkins,JenkA.00,2012,30,1,WR,Illinois,SFO,birth,"Jacksonville, FL",Jacksonville,FL,Florida,USADoug Martin,MartDo00,2012,31,1,RB,Boise St.,TAM,birth,"Oakland, CA",Oakland,CA,California,USADavid Wilson,WilsDa01,2012,32,1,RB,Virginia Tech,NYG,birth,"Danville, VA",Danville,VA,Virginia,USABrian Quick,QuicBr00,2012,33,2,WR,Appalachian St.,STL,birth,"Columbia, SC",Columbia,SC,South Carolina,USACoby Fleener,FleeCo00,2012,34,2,TE,Stanford,IND,birth,"Lemont, IL",Lemont,IL,Illinois,USACourtney Upshaw,UpshCo00,2012,35,2,OLB,Alabama,BAL,birth,"Eufaula, AL",Eufaula,AL,Alabama,USADerek Wolfe,WolfDe00,2012,36,2,DT,Cincinnati,DEN,birth,"Lisbon, OH",Lisbon,OH,Ohio,USAMitchell Schwartz,SchwMi00,2012,37,2,T,California,CLE,birth,"Los Angeles, CA",Los Angeles,CA,California,USAAndre Branch,BranAn00,2012,38,2,DE,Clemson,JAX,birth,"Richmond, VA",Richmond,VA,Virginia,USAJanoris Jenkins,JenkJa03,2012,39,2,CB,North Alabama,STL,birth,"Pahokee, FL",Pahokee,FL,Florida,USAAmini Silatolu,SilaAm00,2012,40,2,T,Midwestern St.,CAR,birth,"Redwood City, CA",Redwood City,CA,California,USACordy Glenn,GlenCo00,2012,41,2,T,Georgia,BUF,birth,"Riverdale, GA",Riverdale,GA,Georgia,USAJonathan Martin,MartJo01,2012,42,2,T,Stanford,MIA,birth,"Pittsburgh, PA",Pittsburgh,PA,Pennsylvania,USAStephen Hill,HillSt00,2012,43,2,WR,Georgia Tech,NYJ,birth,"Tucker, GA",Tucker,GA,Georgia,USAJeff Allen,AlleJe01,2012,44,2,T,Illinois,KAN,birth,"Chicago, IL",Chicago,IL,Illinois,USAAlshon Jeffery,JeffAl00,2012,45,2,WR,South Carolina,CHI,birth,"St. Matthews, SC",St. Matthews,SC,South Carolina,USAMychal Kendricks,KendMy00,2012,46,2,ILB,California,PHI,birth,"Fresno, CA",Fresno,CA,California,USABobby Wagner,WagnBo00,2012,47,2,ILB,Utah St.,SEA,birth,"Los Angeles, CA",Los Angeles,CA,California,USATavon Wilson,WilsTa00,2012,48,2,FS,Illinois,NWE,birth,"Washington, DC",Washington,DC,District of Columbia,USAKendall Reyes,ReyeKe00,2012,49,2,DT,Connecticut,SDG,birth,"Nashua, NH",Nashua,NH,New Hampshire,USAIsaiah Pead,PeadIs00,2012,50,2,RB,Cincinnati,STL,birth,"Columbus, OH",Columbus,OH,Ohio,USAJerel Worthy,WortJe00,2012,51,2,DT,Michigan St.,GNB,birth,"Dayton, OH",Dayton,OH,Ohio,USAZach Brown,BrowZa00,2012,52,2,OLB,North Carolina,TEN,birth,"Beaufort, SC",Beaufort,SC,South Carolina,USADevon Still,StilDe00,2012,53,2,DT,Penn St.,CIN,birth,"Camden, NJ",Camden,NJ,New Jersey,USARyan Broyles,BroyRy00,2012,54,2,WR,Oklahoma,DET,birth,"Norman, OK",Norman,OK,Oklahoma,USAPeter Konz,KonzPe00,2012,55,2,C,Wisconsin,ATL,birth,"Neenah, WI",Neenah,WI,Wisconsin,USAMike Adams,AdamMi02,2012,56,2,T,Ohio St.,PIT,birth,"Farrell, PA",Farrell,PA,Pennsylvania,USABrock Osweiler,OsweBr00,2012,57,2,QB,Arizona St.,DEN,birth,"Kalispell, MT",Kalispell,MT,Montana,USALavonte David,DaviLa00,2012,58,2,OLB,Nebraska,TAM,birth,"Miami, FL",Miami,FL,Florida,USAVinny Curry,CurrVi00,2012,59,2,DE,Marshall,PHI,birth,"Neptune City, NJ",Neptune City,NJ,New Jersey,USAKelechi Osemele,OsemKe00,2012,60,2,T,Iowa St.,BAL,birth,"Houston, TX",Houston,TX,Texas,USALaMichael James,JameLa00,2012,61,2,RB,Oregon,SFO,birth,"New Boston, TX",New Boston,TX,Texas,USACasey Hayward,HaywCa00,2012,62,2,DB,Vanderbilt,GNB,birth,"Perry, GA",Perry,GA,Georgia,USARueben Randle,RandRu00,2012,63,2,WR,LSU,NYG,birth,"Bastrop, LA",Bastrop,LA,Louisiana,USAEric Fisher,FishEr00,2013,1,1,T,Central Michigan,KAN,birth,"Rochester, MI",Rochester,MI,Michigan,USALuke Joeckel,JoecLu00,2013,2,1,T,Texas A&M,JAX,birth,"Arlington, TX",Arlington,TX,Texas,USADion Jordan,JordDi00,2013,3,1,DE,Oregon,MIA,birth,"Chandler, AZ",Chandler,AZ,Arizona,USALane Johnson,JohnLa01,2013,4,1,T,Oklahoma,PHI,birth,"Groveton, TX",Groveton,TX,Texas,USAEzekiel Ansah,AnsaEz00,2013,5,1,DE,BYU,DET,birth,"Accra, Ghana",Accra,,,GhanaBarkevious Mingo,MingBa00,2013,6,1,DE,LSU,CLE,birth,"Belle Glade, FL",Belle Glade,FL,Florida,USAJonathan Cooper,CoopJo01,2013,7,1,G,North Carolina,ARI,birth,"Wilmington, NC",Wilmington,NC,North Carolina,USATavon Austin,AustTa00,2013,8,1,WR,West Virginia,STL,birth,"Baltimore, MD",Baltimore,MD,Maryland,USADee Milliner,MillDe00,2013,9,1,CB,Alabama,NYJ,birth,"Millbrook, AL",Millbrook,AL,Alabama,USAChance Warmack,WarmCh00,2013,10,1,G,Alabama,TEN,birth,"Detroit, MI",Detroit,MI,Michigan,USAD.J. Fluker,FlukDJ00,2013,11,1,T,Alabama,SDG,birth,"New Orleans, LA",New Orleans,LA,Louisiana,USAD.J. Hayden,HaydDJ00,2013,12,1,CB,Houston,OAK,birth,"Houston, TX",Houston,TX,Texas,USASheldon Richardson,RichSh00,2013,13,1,DT,Missouri,NYJ,birth,"St. Louis, MO",St. Louis,MO,Missouri,USAStar Lotulelei,LotuSt00,2013,14,1,DT,Utah,CAR,birth,"South Jordan, UT",South Jordan,UT,Utah,USAKenny Vaccaro,VaccKe00,2013,15,1,SS,Texas,NOR,birth,"Brownwood, TX",Brownwood,TX,Texas,USAEJ Manuel,ManuEJ00,2013,16,1,QB,Florida St.,BUF,birth,"Virginia Beach, VA",Virginia Beach,VA,Virginia,USAJarvis Jones,JoneJa05,2013,17,1,OLB,Georgia,PIT,birth,"Richland, GA",Richland,GA,Georgia,USAEric Reid,ReidEr00,2013,18,1,FS,LSU,SFO,birth,"Baton Rouge, LA",Baton Rouge,LA,Louisiana,USAJustin Pugh,PughJu00,2013,19,1,T,Syracuse,NYG,birth,"Holland, PA",Holland,PA,Pennsylvania,USAKyle Long,LongKy00,2013,20,1,G,Oregon,CHI,birth,"Ivy, Virginia, VA",Ivy,,,VirginiaTyler Eifert,EifeTy00,2013,21,1,TE,Notre Dame,CIN,birth,"Fort Wayne, IN",Fort Wayne,IN,Indiana,USADesmond Trufant,TrufDe00,2013,22,1,CB,Washington,ATL,birth,"Tacoma, WA",Tacoma,WA,Washington,USASharrif Floyd,FloySh00,2013,23,1,DT,Florida,MIN,birth,"Philadelphia, PA",Philadelphia,PA,Pennsylvania,USABjoern Werner,WernBj00,2013,24,1,DE,Florida St.,IND,birth,"Berlin, Germany",Berlin,,,GermanyXavier Rhodes,RhodXa00,2013,25,1,CB,Florida St.,MIN,birth,"Miami, FL",Miami,FL,Florida,USADatone Jones,JoneDa03,2013,26,1,DE,UCLA,GNB,birth,"Los Angeles, CA",Los Angeles,CA,California,USADeAndre Hopkins,HopkDe00,2013,27,1,WR,Clemson,HOU,birth,"Central, SC",Central,SC,South Carolina,USASylvester Williams,WillSy00,2013,28,1,DT,North Carolina,DEN,birth,"Jefferson City, MO",Jefferson City,MO,Missouri,USACordarrelle Patterson,PattCo00,2013,29,1,WR,Tennessee,MIN,birth,"Rock Hill, SC",Rock Hill,SC,South Carolina,USAAlec Ogletree,OgleAl00,2013,30,1,ILB,Georgia,STL,birth,"Newnan, GA",Newnan,GA,Georgia,USATravis Frederick,FredTr00,2013,31,1,C,Wisconsin,DAL,birth,"Sharon, WI",Sharon,WI,Wisconsin,USAMatt Elam,ElamMa00,2013,32,1,FS,Florida,BAL,birth,"Palm Beach Gardens, FL",Palm Beach Gardens,FL,Florida,USAJonathan Cyprien,CyprJo00,2013,33,2,FS,Florida International,JAX,birth,"North Miami Beach, FL",North Miami Beach,FL,Florida,USAJustin Hunter,HuntJu00,2013,34,2,WR,Tennessee,TEN,birth,"Virginia Beach, VA",Virginia Beach,VA,Virginia,USAZach Ertz,ErtzZa00,2013,35,2,TE,Stanford,PHI,birth,"Orange, CA",Orange,CA,California,USADarius Slay,SlayDa00,2013,36,2,CB,Mississippi St.,DET,birth,"Brunswick, GA",Brunswick,GA,Georgia,USAGiovani Bernard,BernGi00,2013,37,2,RB,North Carolina,CIN,birth,"Davie, FL",Davie,FL,Florida,USAManti Te'o,TeoxMa00,2013,38,2,ILB,Notre Dame,SDG,birth,"Laie, HI",Laie,HI,Hawaii,USAGeno Smith,SmitGe00,2013,39,2,QB,West Virginia,NYJ,birth,"Miami, FL",Miami,FL,Florida,USACornellius Carradine,CarrCo00,2013,40,2,DE,Florida St.,SFO,birth,"Cincinnati, OH",Cincinnati,OH,Ohio,USARobert Woods,WoodRo02,2013,41,2,WR,USC,BUF,birth,"Gardena, CA",Gardena,CA,California,USAMenelik Watson,WatsMe00,2013,42,2,T,Florida St.,OAK,birth,"Manchester, United Kingdom",Manchester,,,United KingdomJohnthan Banks,BankJo00,2013,43,2,CB,Mississippi St.,TAM,birth,"Maben, MS",Maben,MS,Mississippi,USAKawann Short,ShorKa00,2013,44,2,DT,Purdue,CAR,birth,"East Chicago, IN",East Chicago,IN,Indiana,USAKevin Minter,MintKe00,2013,45,2,ILB,LSU,ARI,birth,"Suwanee, GA",Suwanee,GA,Georgia,USAKiko Alonso,AlonKi00,2013,46,2,ILB,Oregon,BUF,birth,"Newton, MA",Newton,MA,Massachusetts,USAGavin Escobar,EscoGa00,2013,47,2,TE,San Diego St.,DAL,birth,"Rancho Santa Margarita, CA",Rancho Santa Margarita,CA,California,USALe'Veon Bell,BellLe00,2013,48,2,RB,Michigan St.,PIT,birth,"Reynoldsburg, OH",Reynoldsburg,OH,Ohio,USAJohnathan Hankins,HankJo00,2013,49,2,DT,Ohio St.,NYG,birth,"Dearborn Heights, MI",Dearborn Heights,MI,Michigan,USAJon Bostic,BostJo00,2013,50,2,ILB,Florida,CHI,birth,"Wellington, FL",Wellington,FL,Florida,USADavid Amerson,AmerDa00,2013,51,2,CB,North Carolina St.,WAS,birth,"Honolulu, HI",Honolulu,HI,Hawaii,USAJamie Collins,CollJa00,2013,52,2,OLB,Southern Miss,NWE,birth,"McCall Creek, MS",McCall Creek,MS,Mississippi,USAMargus Hunt,HuntMa00,2013,53,2,DE,SMU,CIN,birth,"Karksi-Nuia, Estonia",Karksi-Nuia,,,EstoniaJamar Taylor,TaylJa01,2013,54,2,CB,Boise St.,MIA,birth,"San Diego, CA",San Diego,CA,California,USAVance McDonald,McDoVa00,2013,55,2,TE,Rice,SFO,birth,"Winnie, TX",Winnie,TX,Texas,USAArthur Brown,BrowAr00,2013,56,2,ILB,Kansas St.,BAL,birth,"Witchita, KS",Witchita,KS,Kansas,USAD.J. Swearinger,SweaDJ00,2013,57,2,SS,South Carolina,HOU,birth,"Greenwood, SC",Greenwood,SC,South Carolina,USAMontee Ball,BallMo00,2013,58,2,RB,Wisconsin,DEN,birth,"Wentzville, MO",Wentzville,MO,Missouri,USAAaron Dobson,DobsAa00,2013,59,2,WR,Marshall,NWE,birth,"Dunbar, WV",Dunbar,WV,West Virginia,USARobert Alford,AlfoRo00,2013,60,2,CB,SE Louisiana,ATL,birth,"Hammond, LA",Hammond,LA,Louisiana,USAEddie Lacy,LacyEd00,2013,61,2,RB,Alabama,GNB,birth,"Geismar, LA",Geismar,LA,Louisiana,USAChristine Michael,MichCh00,2013,62,2,RB,Texas A&M,SEA,birth,"Beaumont, TX",Beaumont,TX,Texas,USA